309.29791283607483,309.29791283607483,NoButton,Move,1012.6796875,556.23828125
309.3062298297882,309.3062298297882,NoButton,Move,1011.73828125,555.609375
309.314101934433,309.314101934433,NoButton,Move,1010.7109375,554.58203125
309.3226697444916,309.3226697444916,NoButton,Move,1009.68359375,553.5546875
309.3302617073059,309.3302617073059,NoButton,Move,1007.6953125,551.96484375
309.3384838104248,309.3384838104248,NoButton,Move,1006.21484375,550.484375
309.34656381607056,309.34656381607056,NoButton,Move,1005.2734375,549.85546875
309.3549749851227,309.3549749851227,NoButton,Move,1003.79296875,548.74609375
309.36330485343933,309.36330485343933,NoButton,Move,1001.8046875,547.15625
309.3715078830719,309.3715078830719,NoButton,Move,1000.32421875,546.046875
309.3795828819275,309.3795828819275,NoButton,Move,998.4765625,544.9375
309.3878798484802,309.3878798484802,NoButton,Move,996.99609375,543.828125
309.3982307910919,309.3982307910919,NoButton,Move,995.515625,542.71875
309.4048237800598,309.4048237800598,NoButton,Move,994.1484375,542.03515625
309.4127857685089,309.4127857685089,NoButton,Move,993.12109375,541.0078125
309.4209637641907,309.4209637641907,NoButton,Move,992.1796875,540.69140625
309.4311857223511,309.4311857223511,NoButton,Move,991.23828125,540.0625
309.43702387809753,309.43702387809753,NoButton,Move,990.296875,539.43359375
309.44855761528015,309.44855761528015,NoButton,Move,989.72265625,538.859375
309.45633578300476,309.45633578300476,NoButton,Move,988.78125,538.23046875
309.4634928703308,309.4634928703308,NoButton,Move,988.20703125,537.94140625
309.46948981285095,309.46948981285095,NoButton,Move,987.9453125,537.6796875
309.4798159599304,309.4798159599304,NoButton,Move,987.37109375,537.10546875
309.48588371276855,309.48588371276855,NoButton,Move,987.109375,536.84375
309.49634981155396,309.49634981155396,NoButton,Move,986.53515625,536.26953125
309.50225281715393,309.50225281715393,NoButton,Move,986.2734375,536.0078125
309.51294684410095,309.51294684410095,NoButton,Move,985.984375,535.43359375
309.5185708999634,309.5185708999634,NoButton,Move,985.72265625,535.171875
309.52649974823,309.52649974823,NoButton,Move,985.4609375,534.91015625
309.53473472595215,309.53473472595215,NoButton,Move,985.4609375,534.6484375
309.54281282424927,309.54281282424927,NoButton,Move,985.19921875,534.38671875
309.5513789653778,309.5513789653778,NoButton,Move,984.9375,534.125
309.5592038631439,309.5592038631439,NoButton,Move,984.67578125,533.86328125
309.56772780418396,309.56772780418396,NoButton,Move,984.4140625,533.6015625
309.57550382614136,309.57550382614136,NoButton,Move,984.4140625,533.33984375
309.5836889743805,309.5836889743805,NoButton,Move,984.15234375,533.078125
309.6001048088074,309.6001048088074,NoButton,Move,983.90625,532.83203125
309.6082968711853,309.6082968711853,NoButton,Move,983.64453125,532.5703125
309.6165146827698,309.6165146827698,NoButton,Move,983.64453125,532.30859375
309.6331379413605,309.6331379413605,NoButton,Move,983.3984375,532.0625
309.64970088005066,309.64970088005066,NoButton,Move,983.15234375,531.81640625
309.6581497192383,309.6581497192383,NoButton,Move,983.15234375,531.5546875
309.6750388145447,309.6750388145447,NoButton,Move,982.90625,531.5546875
309.6822247505188,309.6822247505188,NoButton,Move,982.90625,531.29296875
309.698823928833,309.698823928833,NoButton,Move,982.66015625,531.046875
309.7151029109955,309.7151029109955,NoButton,Move,982.66015625,530.80078125
309.7315089702606,309.7315089702606,NoButton,Move,982.4140625,530.5546875
309.7479066848755,309.7479066848755,NoButton,Move,982.4140625,530.30859375
309.7563557624817,309.7563557624817,NoButton,Move,982.4140625,530.046875
309.7728157043457,309.7728157043457,NoButton,Move,982.16796875,529.80078125
309.78920555114746,309.78920555114746,NoButton,Move,982.16796875,529.5546875
309.8056015968323,309.8056015968323,NoButton,Move,982.16796875,529.30859375
309.82211565971375,309.82211565971375,NoButton,Move,982.16796875,529.0625
309.8468909263611,309.8468909263611,NoButton,Move,982.16796875,528.8203125
309.8628888130188,309.8628888130188,NoButton,Move,981.921875,528.57421875
309.8873007297516,309.8873007297516,NoButton,Move,981.921875,528.33203125
309.92032980918884,309.92032980918884,NoButton,Move,981.921875,528.09375
309.9530727863312,309.9530727863312,NoButton,Move,981.921875,527.85546875
309.98593258857727,309.98593258857727,NoButton,Move,981.921875,527.6171875
310.034818649292,310.034818649292,NoButton,Move,981.921875,527.37890625
310.14150190353394,310.14150190353394,NoButton,Move,982.15234375,527.14453125
310.174263715744,310.174263715744,NoButton,Move,982.38671875,527.14453125
310.1988067626953,310.1988067626953,NoButton,Move,982.38671875,526.90234375
310.2232608795166,310.2232608795166,NoButton,Move,982.625,526.90234375
310.3053467273712,310.3053467273712,NoButton,Move,982.85546875,526.66796875
310.37075567245483,310.37075567245483,NoButton,Move,982.85546875,526.43359375
310.46118092536926,310.46118092536926,NoButton,Move,983.0859375,526.43359375
310.47795581817627,310.47795581817627,NoButton,Move,983.0859375,526.1875
310.54306268692017,310.54306268692017,NoButton,Move,983.0859375,525.953125
310.6083986759186,310.6083986759186,NoButton,Move,983.0859375,525.71875
310.6250035762787,310.6250035762787,NoButton,Move,983.328125,525.71875
310.65788173675537,310.65788173675537,NoButton,Move,983.328125,525.48046875
310.6983208656311,310.6983208656311,NoButton,Move,983.328125,525.2421875
311.08322381973267,311.08322381973267,NoButton,Move,983.328125,525.0078125
312.0664188861847,312.0664188861847,NoButton,Move,982.1640625,523.84375
312.0742516517639,312.0742516517639,NoButton,Move,977.87109375,519.55078125
312.0822057723999,312.0822057723999,NoButton,Move,972.7890625,515.03515625
312.0908968448639,312.0908968448639,NoButton,Move,966.89453125,509.73046875
312.0987467765808,312.0987467765808,NoButton,Move,958.7734375,502.2890625
312.1071057319641,312.1071057319641,NoButton,Move,949.61328125,493.83203125
312.1152148246765,312.1152148246765,NoButton,Move,940.0859375,484.3046875
312.12356185913086,312.12356185913086,NoButton,Move,928.25,473.2578125
312.13165283203125,312.13165283203125,NoButton,Move,917.59765625,462.60546875
312.1400787830353,312.1400787830353,NoButton,Move,905.76171875,451.55859375
312.148268699646,312.148268699646,NoButton,Move,895.109375,441.66796875
312.15632581710815,312.15632581710815,NoButton,Move,890.81640625,437.375
312.1644957065582,312.1644957065582,NoButton,Move,881.65625,428.91796875
312.1727616786957,312.1727616786957,NoButton,Move,873.53515625,421.4765625
312.1811316013336,312.1811316013336,NoButton,Move,866.70703125,415.26953125
312.1888246536255,312.1888246536255,NoButton,Move,859.87890625,409.68359375
312.19709277153015,312.19709277153015,NoButton,Move,855.05078125,405.92578125
312.205326795578,312.205326795578,NoButton,Move,853.203125,404.81640625
312.2133686542511,312.2133686542511,NoButton,Move,850.03125,402.55078125
312.676944732666,312.676944732666,NoButton,Move,849.33203125,402.55078125
312.677072763443,312.677072763443,NoButton,Move,845.70703125,402.55078125
312.6804349422455,312.6804349422455,NoButton,Move,841.37890625,402.55078125
312.6888017654419,312.6888017654419,NoButton,Move,835.4765625,402.55078125
312.6965696811676,312.6965696811676,NoButton,Move,829.57421875,402.55078125
312.70492577552795,312.70492577552795,NoButton,Move,823.671875,403.0859375
312.7132787704468,312.7132787704468,NoButton,Move,816.8984375,403.6484375
312.7212076187134,312.7212076187134,NoButton,Move,804.91796875,405.0546875
312.72974276542664,312.72974276542664,NoButton,Move,791.7265625,406.51953125
312.7377758026123,312.7377758026123,NoButton,Move,777.26953125,408.80078125
312.74613976478577,312.74613976478577,NoButton,Move,762.8125,411.08203125
312.7542448043823,312.7542448043823,NoButton,Move,749.62109375,414.01171875
312.7625689506531,312.7625689506531,NoButton,Move,736.4296875,417.671875
312.8295178413391,312.8295178413391,NoButton,Move,734.90234375,418.1796875
312.8295907974243,312.8295907974243,NoButton,Move,732.51953125,419.3671875
313.8522617816925,313.8522617816925,NoButton,Move,731.59375,419.3671875
313.8601677417755,313.8601677417755,NoButton,Move,729.74609375,419.3671875
313.8682596683502,313.8682596683502,NoButton,Move,727.8984375,419.3671875
313.87682366371155,313.87682366371155,NoButton,Move,726.05078125,419.3671875
313.8845908641815,313.8845908641815,NoButton,Move,723.66796875,419.76171875
313.89279794692993,313.89279794692993,NoButton,Move,721.8203125,420.12890625
313.90105175971985,313.90105175971985,NoButton,Move,717.5078125,420.60546875
313.9095358848572,313.9095358848572,NoButton,Move,716.140625,420.9453125
313.92444801330566,313.92444801330566,NoButton,Move,713.7578125,421.73828125
313.93141078948975,313.93141078948975,NoButton,Move,709.4296875,422.69921875
313.93397879600525,313.93397879600525,NoButton,Move,707.046875,423.09375
313.9436197280884,313.9436197280884,NoButton,Move,704.0703125,423.94140625
313.9539017677307,313.9539017677307,NoButton,Move,701.09375,424.36328125
313.9617507457733,313.9617507457733,NoButton,Move,697.46875,425.265625
313.96682476997375,313.96682476997375,NoButton,Move,694.4921875,425.6875
313.9859416484833,313.9859416484833,NoButton,Move,690.8671875,426.13671875
313.9860589504242,313.9860589504242,NoButton,Move,687.890625,426.55859375
313.99123787879944,313.99123787879944,NoButton,Move,684.265625,427.0078125
313.9989037513733,313.9989037513733,NoButton,Move,682.8984375,427.34765625
314.0070946216583,314.0070946216583,NoButton,Move,679.921875,427.76953125
314.01532793045044,314.01532793045044,NoButton,Move,676.9453125,428.19140625
314.02344393730164,314.02344393730164,NoButton,Move,675.09765625,428.55859375
314.0319046974182,314.0319046974182,NoButton,Move,673.25,428.55859375
314.0407769680023,314.0407769680023,NoButton,Move,671.40234375,428.92578125
314.04950976371765,314.04950976371765,NoButton,Move,670.03515625,428.92578125
314.05694794654846,314.05694794654846,NoButton,Move,669.09375,428.92578125
314.06462478637695,314.06462478637695,NoButton,Move,668.51953125,428.92578125
314.07307386398315,314.07307386398315,NoButton,Move,667.9453125,428.92578125
314.08122277259827,314.08122277259827,NoButton,Move,667.68359375,428.92578125
314.0892608165741,314.0892608165741,NoButton,Move,667.421875,428.92578125
314.10524582862854,314.10524582862854,NoButton,Move,667.17578125,428.92578125
330.8700747489929,330.8700747489929,NoButton,Move,667.17578125,430.30859375
330.87244868278503,330.87244868278503,NoButton,Move,667.17578125,432.6875
330.8806767463684,330.8806767463684,NoButton,Move,667.17578125,435.66015625
330.88879585266113,330.88879585266113,NoButton,Move,668.53125,439.28125
330.8969168663025,330.8969168663025,NoButton,Move,669.43359375,442.90234375
330.9052128791809,330.9052128791809,NoButton,Move,670.7890625,446.5234375
330.9134018421173,330.9134018421173,NoButton,Move,673.15625,454.22265625
330.9215259552002,330.9215259552002,NoButton,Move,676.1171875,461.921875
330.92993688583374,330.92993688583374,NoButton,Move,677.55859375,466.24609375
330.9380557537079,330.9380557537079,NoButton,Move,680.51171875,473.9296875
330.94956493377686,330.94956493377686,NoButton,Move,684.23046875,481.9921875
330.9543468952179,330.9543468952179,NoButton,Move,687.61328125,488.19921875
330.9634029865265,330.9634029865265,NoButton,Move,690.99609375,494.40625
330.9709827899933,330.9709827899933,NoButton,Move,694.19921875,499.74609375
330.98465275764465,330.98465275764465,NoButton,Move,697.25,503.8125
330.98709869384766,330.98709869384766,NoButton,Move,700.1328125,507.17578125
330.99672865867615,330.99672865867615,NoButton,Move,701.609375,508.28125
331.0035037994385,331.0035037994385,NoButton,Move,706.18359375,511.33203125
331.0173738002777,331.0173738002777,NoButton,Move,709.15625,512.60546875
331.01986169815063,331.01986169815063,NoButton,Move,712.77734375,513.0546875
331.0273096561432,331.0273096561432,NoButton,Move,712.77734375,513.0546875
331.0772747993469,331.0772747993469,NoButton,Move,717.1015625,513.0546875
331.0773208141327,331.0773208141327,NoButton,Move,721.42578125,513.0546875
331.07734990119934,331.07734990119934,NoButton,Move,726.5078125,513.0546875
331.0773766040802,331.0773766040802,NoButton,Move,730.12890625,512.6015625
331.0774028301239,331.0774028301239,NoButton,Move,731.97265625,511.859375
331.0774269104004,331.0774269104004,NoButton,Move,734.9453125,510.58203125
331.077752828598,331.077752828598,NoButton,Move,737.91796875,509.73046875
331.0867745876312,331.0867745876312,NoButton,Move,739.76171875,508.98828125
331.1007878780365,331.1007878780365,NoButton,Move,741.60546875,508.24609375
331.1085298061371,331.1085298061371,NoButton,Move,742.96875,507.90234375
331.13404273986816,331.13404273986816,NoButton,Move,744.33203125,507.90234375
331.13416171073914,331.13416171073914,NoButton,Move,744.90234375,507.61328125
331.13426184654236,331.13426184654236,NoButton,Move,745.47265625,507.61328125
331.13677883148193,331.13677883148193,NoButton,Move,745.73046875,507.61328125
331.1673517227173,331.1673517227173,NoButton,Move,745.98828125,507.61328125
331.1673936843872,331.1673936843872,NoButton,Move,746.24609375,507.61328125
331.16742277145386,331.16742277145386,NoButton,Move,746.50390625,507.61328125
331.2490417957306,331.2490417957306,NoButton,Move,746.50390625,507.37890625
331.29818964004517,331.29818964004517,NoButton,Move,746.50390625,508.109375
331.3064398765564,331.3064398765564,NoButton,Move,745.5390625,512.43359375
331.31452679634094,331.31452679634094,NoButton,Move,744.01171875,517.515625
331.3226366043091,331.3226366043091,NoButton,Move,741.75390625,524.28515625
331.3309528827667,331.3309528827667,NoButton,Move,738.51171875,534.0078125
331.33913588523865,331.33913588523865,NoButton,Move,735.8046875,544.828125
331.3473286628723,331.3473286628723,NoButton,Move,732.28125,556.8046875
331.3555006980896,331.3555006980896,NoButton,Move,729.34765625,569.9921875
331.36365389823914,331.36365389823914,NoButton,Move,726.4140625,583.1796875
331.37176179885864,331.37176179885864,NoButton,Move,723.59375,595.15625
331.3800117969513,331.3800117969513,NoButton,Move,721.4765625,607.1328125
331.3882668018341,331.3882668018341,NoButton,Move,718.65625,619.109375
331.39641880989075,331.39641880989075,NoButton,Move,717.63671875,624.19140625
331.4045407772064,331.4045407772064,NoButton,Move,714.48046875,639.96875
331.4127109050751,331.4127109050751,NoButton,Move,710.109375,660.05859375
331.4209589958191,331.4209589958191,NoButton,Move,707.65625,677.21484375
331.42925477027893,331.42925477027893,NoButton,Move,705.79296875,685.8984375
331.4376497268677,331.4376497268677,NoButton,Move,704.18359375,691.796875
331.54512786865234,331.54512786865234,NoButton,Move,700.12109375,701.94140625
331.6504089832306,331.6504089832306,NoButton,Move,700.12109375,702.40625
331.6585268974304,331.6585268974304,NoButton,Move,700.12109375,708.3046875
331.6666796207428,331.6666796207428,NoButton,Move,698.93359375,716.00390625
331.6749346256256,331.6749346256256,NoButton,Move,698.93359375,723.703125
331.68312072753906,331.68312072753906,NoButton,Move,698.93359375,731.40234375
331.69118785858154,331.69118785858154,NoButton,Move,698.93359375,740.0859375
331.6994547843933,331.6994547843933,NoButton,Move,698.93359375,747.78515625
331.70768785476685,331.70768785476685,NoButton,Move,698.93359375,762.23828125
331.7157847881317,331.7157847881317,NoButton,Move,700.00390625,768.13671875
331.72401690483093,331.72401690483093,NoButton,Move,701.35546875,778.95703125
331.7321107387543,331.7321107387543,NoButton,Move,702.31640625,783.28125
331.7403256893158,331.7403256893158,NoButton,Move,704.0078125,790.05078125
331.74861693382263,331.74861693382263,NoButton,Move,705.61328125,795.94921875
331.7567937374115,331.7567937374115,NoButton,Move,706.515625,799.5703125
331.7652208805084,331.7652208805084,NoButton,Move,706.9375,802.54296875
331.7755205631256,331.7755205631256,NoButton,Move,707.6171875,803.90625
331.79538774490356,331.79538774490356,NoButton,Move,707.95703125,805.26953125
331.79545497894287,331.79545497894287,NoButton,Move,708.2421875,805.83984375
331.7980988025665,331.7980988025665,NoButton,Move,708.52734375,806.41015625
331.80643582344055,331.80643582344055,NoButton,Move,708.78515625,806.66796875
331.8145258426666,331.8145258426666,NoButton,Move,708.78515625,806.92578125
331.84703278541565,331.84703278541565,Left,Pressed,708.78515625,806.92578125
331.8636329174042,331.8636329174042,NoButton,Move,708.78515625,807.04296875
331.96393966674805,331.96393966674805,Left,Released,708.78515625,807.04296875
332.43769669532776,332.43769669532776,NoButton,Move,708.78515625,806.80859375
332.4463679790497,332.4463679790497,NoButton,Move,708.1015625,805.4453125
332.4538140296936,332.4538140296936,NoButton,Move,707.07421875,804.41796875
332.4626498222351,332.4626498222351,NoButton,Move,705.48828125,802.43359375
332.4703447818756,332.4703447818756,NoButton,Move,704.0078125,800.953125
332.478613615036,332.478613615036,NoButton,Move,699.9375,797.8984375
332.4861009120941,332.4861009120941,NoButton,Move,693.109375,792.3125
332.4950406551361,332.4950406551361,NoButton,Move,687.4921875,788.37890625
332.50328493118286,332.50328493118286,NoButton,Move,680.3828125,784.23046875
332.51159501075745,332.51159501075745,NoButton,Move,673.2890625,780.09375
332.519357919693,332.519357919693,NoButton,Move,664.2109375,776.203125
332.5317847728729,332.5317847728729,NoButton,Move,660.5859375,774.390625
332.5356287956238,332.5356287956238,NoButton,Move,652.51953125,770.66796875
332.54369163513184,332.54369163513184,NoButton,Move,645.41015625,767.11328125
332.5516698360443,332.5516698360443,NoButton,Move,639.19921875,764.2890625
332.5599088668823,332.5599088668823,NoButton,Move,633.83203125,761.60546875
332.56818771362305,332.56818771362305,NoButton,Move,631.984375,760.49609375
332.57657980918884,332.57657980918884,NoButton,Move,628.13671875,758.08984375
332.58496165275574,332.58496165275574,NoButton,Move,625.5859375,755.96484375
332.59293961524963,332.59293961524963,NoButton,Move,623.03515625,754.26171875
332.6012318134308,332.6012318134308,NoButton,Move,621.5546875,752.78125
332.6094169616699,332.6094169616699,NoButton,Move,620.07421875,751.671875
332.6175968647003,332.6175968647003,NoButton,Move,619.4453125,750.73046875
332.6256709098816,332.6256709098816,NoButton,Move,618.50390625,750.1015625
332.63403391838074,332.63403391838074,NoButton,Move,618.2421875,749.83984375
332.6640257835388,332.6640257835388,Left,Pressed,618.2421875,749.83984375
332.6640558242798,332.6640558242798,NoButton,Move,618.1171875,749.71484375
332.8138897418976,332.8138897418976,Left,Released,618.1171875,749.71484375
