1.679,1.679,NoButton,Move,922,427
1.722,1.722,NoButton,Move,919,427
1.739,1.739,NoButton,Move,918,427
1.755,1.755,NoButton,Move,918,427
1.772,1.772,NoButton,Move,917,427
1.789,1.789,NoButton,Move,915,427
1.805,1.805,NoButton,Move,912,427
1.822,1.822,NoButton,Move,904,430
1.839,1.839,NoButton,Move,881,435
1.855,1.855,NoButton,Move,841,442
1.872,1.872,NoButton,Move,750,453
1.889,1.889,NoButton,Move,654,463
1.906,1.906,NoButton,Move,553,478
1.922,1.922,NoButton,Move,479,489
1.939,1.939,NoButton,Move,396,502
1.956,1.956,NoButton,Move,325,514
1.973,1.973,NoButton,Move,301,519
1.989,1.989,NoButton,Move,289,522
2.211,2.211,NoButton,Move,289,522
2.222,2.222,NoButton,Move,289,521
2.239,2.239,NoButton,Move,290,516
2.256,2.256,NoButton,Move,291,507
2.272,2.272,NoButton,Move,291,485
2.29,2.29,NoButton,Move,280,455
2.306,2.306,NoButton,Move,256,414
2.323,2.323,NoButton,Move,233,384
2.339,2.339,NoButton,Move,201,354
2.356,2.356,NoButton,Move,174,334
2.372,2.372,NoButton,Move,158,327
2.389,2.389,NoButton,Move,144,322
2.405,2.405,NoButton,Move,136,320
2.423,2.423,NoButton,Move,129,320
2.439,2.439,NoButton,Move,123,320
2.456,2.456,NoButton,Move,122,320
2.472,2.472,NoButton,Move,121,320
2.489,2.489,NoButton,Move,120,320
2.506,2.506,NoButton,Move,120,320
2.539,2.539,NoButton,Move,120,320
2.569,2.569,Left,Pressed,120,320
2.702,2.702,Left,Released,120,320
3.719,3.719,NoButton,Move,122,320
3.739,3.739,NoButton,Move,131,320
3.756,3.756,NoButton,Move,146,318
3.773,3.773,NoButton,Move,183,315
3.789,3.789,NoButton,Move,236,311
3.806,3.806,NoButton,Move,299,310
3.822,3.822,NoButton,Move,331,310
3.839,3.839,NoButton,Move,403,310
3.856,3.856,NoButton,Move,445,313
3.873,3.873,NoButton,Move,468,315
3.889,3.889,NoButton,Move,480,316
3.906,3.906,NoButton,Move,485,316
3.922,3.922,NoButton,Move,492,316
3.939,3.939,NoButton,Move,493,316
3.956,3.956,NoButton,Move,491,316
3.972,3.972,NoButton,Move,486,316
3.989,3.989,NoButton,Move,482,316
4.006,4.006,NoButton,Move,478,316
4.022,4.022,NoButton,Move,476,315
4.039,4.039,NoButton,Move,475,315
4.07,4.07,Left,Pressed,475,315
4.073,4.073,Left,Released,475,315
5.606,5.606,NoButton,Move,424,434
5.621,5.621,NoButton,Move,424,434
5.69,5.69,NoButton,Move,424,434
5.706,5.706,NoButton,Move,424,431
5.721,5.721,NoButton,Move,424,430
5.739,5.739,NoButton,Move,424,427
5.755,5.755,NoButton,Move,424,423
5.772,5.772,NoButton,Move,424,421
5.789,5.789,NoButton,Move,424,420
5.806,5.806,NoButton,Move,424,419
5.823,5.823,NoButton,Move,424,419
5.835,5.835,Left,Pressed,424,419
5.839,5.839,Left,Released,424,419
9.125,9.125,NoButton,Move,445,432
9.139,9.139,NoButton,Move,443,434
9.155,9.155,NoButton,Move,441,436
9.172,9.172,NoButton,Move,438,438
9.189,9.189,NoButton,Move,435,441
9.205,9.205,NoButton,Move,433,444
9.222,9.222,NoButton,Move,430,450
9.239,9.239,NoButton,Move,428,456
9.256,9.256,NoButton,Move,425,464
9.272,9.272,NoButton,Move,422,470
9.289,9.289,NoButton,Move,420,477
9.306,9.306,NoButton,Move,418,480
9.322,9.322,NoButton,Move,417,482
9.335,9.335,Left,Pressed,417,482
9.372,9.372,NoButton,Move,417,482
9.466,9.466,Left,Released,417,482
10.065,10.065,NoButton,Move,418,482
10.072,10.072,NoButton,Move,419,482
10.089,10.089,NoButton,Move,423,484
10.106,10.106,NoButton,Move,426,485
10.124,10.124,NoButton,Move,429,487
10.139,10.139,NoButton,Move,432,488
10.156,10.156,NoButton,Move,436,490
10.173,10.173,NoButton,Move,440,493
10.189,10.189,NoButton,Move,443,495
10.206,10.206,NoButton,Move,445,497
10.224,10.224,NoButton,Move,448,499
10.239,10.239,NoButton,Move,450,501
10.256,10.256,NoButton,Move,452,502
10.273,10.273,NoButton,Move,454,503
10.29,10.29,NoButton,Move,456,503
10.306,10.306,NoButton,Move,457,503
10.323,10.323,NoButton,Move,458,503
13.33,13.33,NoButton,Move,459,505
13.339,13.339,NoButton,Move,465,512
13.356,13.356,NoButton,Move,472,519
13.372,13.372,NoButton,Move,477,525
13.389,13.389,NoButton,Move,484,535
13.406,13.406,NoButton,Move,490,544
13.422,13.422,NoButton,Move,492,548
13.439,13.439,NoButton,Move,494,554
13.456,13.456,NoButton,Move,494,557
13.473,13.473,NoButton,Move,494,559
13.489,13.489,NoButton,Move,494,560
13.506,13.506,NoButton,Move,494,561
13.523,13.523,NoButton,Move,493,562
13.539,13.539,NoButton,Move,492,563
13.556,13.556,NoButton,Move,490,564
13.573,13.573,NoButton,Move,490,565
13.589,13.589,NoButton,Move,488,565
13.606,13.606,NoButton,Move,488,565
13.637,13.637,Left,Pressed,488,565
13.656,13.656,NoButton,Move,488,565
13.768,13.768,Left,Released,488,565
21.935,21.935,NoButton,Move,479,573
21.941,21.941,NoButton,Move,475,578
21.956,21.956,NoButton,Move,472,582
21.972,21.972,NoButton,Move,467,589
21.989,21.989,NoButton,Move,463,595
22.006,22.006,NoButton,Move,460,600
22.022,22.022,NoButton,Move,454,609
22.04,22.04,NoButton,Move,449,617
22.056,22.056,NoButton,Move,445,623
22.072,22.072,NoButton,Move,442,629
22.088,22.088,NoButton,Move,441,630
22.106,22.106,NoButton,Move,439,634
22.123,22.123,NoButton,Move,439,635
22.14,22.14,NoButton,Move,439,635
22.286,22.286,Left,Pressed,439,635
22.387,22.387,Left,Released,439,635
22.815,22.815,NoButton,Move,439,635
22.822,22.822,NoButton,Move,442,631
22.839,22.839,NoButton,Move,454,621
22.856,22.856,NoButton,Move,470,610
22.872,22.872,NoButton,Move,498,594
22.889,22.889,NoButton,Move,538,574
22.907,22.907,NoButton,Move,568,563
22.922,22.922,NoButton,Move,589,555
22.94,22.94,NoButton,Move,611,548
22.956,22.956,NoButton,Move,621,545
22.973,22.973,NoButton,Move,629,542
22.989,22.989,NoButton,Move,631,541
23.006,23.006,NoButton,Move,632,541
23.023,23.023,NoButton,Move,633,541
23.106,23.106,NoButton,Move,633,540
23.122,23.122,NoButton,Move,633,540
23.14,23.14,NoButton,Move,633,540
23.156,23.156,NoButton,Move,633,539
23.173,23.173,NoButton,Move,633,536
23.189,23.189,NoButton,Move,634,532
23.206,23.206,NoButton,Move,635,526
23.224,23.224,NoButton,Move,636,519
23.24,23.24,NoButton,Move,637,514
23.255,23.255,NoButton,Move,639,509
23.273,23.273,NoButton,Move,640,505
23.288,23.288,NoButton,Move,640,504
23.306,23.306,NoButton,Move,641,503
23.32,23.32,Left,Pressed,641,503
23.356,23.356,NoButton,Move,641,503
23.452,23.452,Left,Released,641,503
24.474,24.474,NoButton,Move,641,502
24.49,24.49,NoButton,Move,638,499
24.506,24.506,NoButton,Move,633,491
24.522,24.522,NoButton,Move,622,476
24.54,24.54,NoButton,Move,616,471
24.556,24.556,NoButton,Move,611,466
24.572,24.572,NoButton,Move,607,463
24.589,24.589,NoButton,Move,605,462
24.606,24.606,NoButton,Move,603,461
24.622,24.622,NoButton,Move,602,461
24.639,24.639,NoButton,Move,601,460
24.656,24.656,NoButton,Move,601,460
24.673,24.673,NoButton,Move,598,460
24.688,24.688,NoButton,Move,591,460
24.706,24.706,NoButton,Move,567,460
24.722,24.722,NoButton,Move,497,460
24.739,24.739,NoButton,Move,344,460
24.756,24.756,NoButton,Move,228,442
24.773,24.773,NoButton,Move,94,406
24.789,24.789,NoButton,Move,74,397
24.806,24.806,NoButton,Move,26,373
24.823,24.823,NoButton,Move,0,351
24.989,24.989,NoButton,Move,0,349
25.006,25.006,NoButton,Move,0,340
25.022,25.022,NoButton,Move,4,332
25.039,25.039,NoButton,Move,10,325
25.056,25.056,NoButton,Move,17,319
25.072,25.072,NoButton,Move,32,309
25.089,25.089,NoButton,Move,44,303
25.106,25.106,NoButton,Move,59,297
25.122,25.122,NoButton,Move,70,293
25.139,25.139,NoButton,Move,76,292
25.156,25.156,NoButton,Move,82,290
25.173,25.173,NoButton,Move,85,290
25.19,25.19,NoButton,Move,86,290
25.205,25.205,NoButton,Move,86,290
25.301,25.301,NoButton,Move,86,291
25.308,25.308,NoButton,Move,86,296
25.323,25.323,NoButton,Move,86,301
25.341,25.341,NoButton,Move,85,316
25.355,25.355,NoButton,Move,84,329
25.372,25.372,NoButton,Move,83,346
25.39,25.39,NoButton,Move,82,354
25.406,25.406,NoButton,Move,81,362
25.422,25.422,NoButton,Move,81,366
25.438,25.438,NoButton,Move,81,367
25.456,25.456,NoButton,Move,81,367
25.469,25.469,Left,Pressed,81,367
25.586,25.586,Left,Released,81,367
26.08,26.08,NoButton,Move,83,367
26.089,26.089,NoButton,Move,92,367
26.106,26.106,NoButton,Move,116,367
26.123,26.123,NoButton,Move,182,367
26.139,26.139,NoButton,Move,291,378
26.156,26.156,NoButton,Move,480,419
26.173,26.173,NoButton,Move,653,475
26.189,26.189,NoButton,Move,772,515
26.206,26.206,NoButton,Move,867,549
26.223,26.223,NoButton,Move,932,571
26.571,26.571,NoButton,Move,934,571
26.589,26.589,NoButton,Move,948,571
26.606,26.606,NoButton,Move,969,571
26.623,26.623,NoButton,Move,1015,573
26.639,26.639,NoButton,Move,1096,581
26.657,26.657,NoButton,Move,1192,591
26.673,26.673,NoButton,Move,1255,598
26.689,26.689,NoButton,Move,1297,599
26.706,26.706,NoButton,Move,1323,600
26.971,26.971,NoButton,Move,1323,601
26.979,26.979,NoButton,Move,1322,601
26.99,26.99,NoButton,Move,1321,603
27.005,27.005,NoButton,Move,1319,606
27.023,27.023,NoButton,Move,1317,609
27.04,27.04,NoButton,Move,1315,611
27.055,27.055,NoButton,Move,1315,612
27.073,27.073,NoButton,Move,1314,612
27.089,27.089,NoButton,Move,1314,613
27.151,27.151,NoButton,Move,1314,613
27.225,27.225,NoButton,Move,1314,613
27.274,27.274,NoButton,Move,1313,613
27.299,27.299,NoButton,Move,1313,613
27.307,27.307,NoButton,Move,1313,612
27.324,27.324,NoButton,Move,1313,612
27.338,27.338,NoButton,Move,1313,612
28.553,28.553,Left,Pressed,1313,612
28.703,28.703,Left,Released,1313,612
28.977,28.977,NoButton,Move,1312,612
28.989,28.989,NoButton,Move,1307,612
29.006,29.006,NoButton,Move,1286,613
29.023,29.023,NoButton,Move,1216,616
29.039,29.039,NoButton,Move,1124,616
29.057,29.057,NoButton,Move,1046,613
29.073,29.073,NoButton,Move,954,604
29.089,29.089,NoButton,Move,908,601
29.107,29.107,NoButton,Move,876,599
29.123,29.123,NoButton,Move,849,599
29.904,29.904,Left,Pressed,849,599
30.419,30.419,NoButton,Move,849,599
30.503,30.503,Left,Released,849,599
31.133,31.133,NoButton,Move,848,599
31.155,31.155,NoButton,Move,846,598
31.173,31.173,NoButton,Move,844,596
31.204,31.204,Left,Pressed,844,596
31.209,31.209,NoButton,Move,844,596
31.357,31.357,Left,Released,844,596
36.111,36.111,NoButton,Move,844,598
36.123,36.123,NoButton,Move,844,604
36.139,36.139,NoButton,Move,844,610
36.156,36.156,NoButton,Move,844,615
36.172,36.172,NoButton,Move,844,620
36.189,36.189,NoButton,Move,844,628
36.206,36.206,NoButton,Move,845,633
36.223,36.223,NoButton,Move,845,637
36.238,36.238,NoButton,Move,845,639
36.256,36.256,NoButton,Move,845,641
36.273,36.273,NoButton,Move,845,641
36.289,36.289,NoButton,Move,845,642
36.306,36.306,NoButton,Move,846,643
36.323,36.323,NoButton,Move,846,645
36.339,36.339,NoButton,Move,846,646
36.356,36.356,NoButton,Move,846,649
36.373,36.373,NoButton,Move,846,651
36.39,36.39,NoButton,Move,845,654
36.406,36.406,NoButton,Move,844,657
36.423,36.423,NoButton,Move,843,660
36.439,36.439,NoButton,Move,841,661
36.456,36.456,NoButton,Move,841,662
36.473,36.473,NoButton,Move,841,662
36.489,36.489,NoButton,Move,840,662
36.676,36.676,NoButton,Move,840,663
36.69,36.69,NoButton,Move,840,663
36.706,36.706,NoButton,Move,840,664
36.723,36.723,NoButton,Move,840,664
36.739,36.739,NoButton,Move,840,665
36.756,36.756,NoButton,Move,839,665
36.773,36.773,NoButton,Move,839,665
36.831,36.831,NoButton,Move,839,665
36.847,36.847,NoButton,Move,839,666
36.863,36.863,NoButton,Move,839,666
36.873,36.873,NoButton,Move,839,666
36.889,36.889,NoButton,Move,839,668
36.907,36.907,NoButton,Move,838,669
36.923,36.923,NoButton,Move,837,671
36.939,36.939,NoButton,Move,837,672
36.956,36.956,NoButton,Move,836,673
36.973,36.973,NoButton,Move,836,674
36.99,36.99,NoButton,Move,836,674
37.07,37.07,Left,Pressed,836,674
37.637,37.637,Left,Released,836,674
40.592,40.592,Scroll,Down,0,1
40.592,40.592,Scroll,Down,0,2
40.606,40.606,Scroll,Down,0,4
40.623,40.623,Scroll,Down,0,6
40.638,40.638,Scroll,Down,0,9
40.655,40.655,Scroll,Down,0,9
40.672,40.672,Scroll,Down,0,12
40.688,40.688,Scroll,Down,0,12
40.706,40.706,Scroll,Down,0,16
40.706,40.706,Scroll,Down,0,22
40.723,40.723,Scroll,Down,0,24
40.739,40.739,Scroll,Down,0,24
40.756,40.756,Scroll,Down,0,24
40.773,40.773,Scroll,Down,0,23
40.789,40.789,Scroll,Down,0,23
40.823,40.823,Scroll,Down,0,49
40.838,40.838,Scroll,Down,0,22
40.856,40.856,Scroll,Down,0,20
40.872,40.872,Scroll,Down,0,19
41.751,41.751,NoButton,Move,837,674
41.772,41.772,NoButton,Move,839,674
41.789,41.789,NoButton,Move,840,674
41.806,41.806,NoButton,Move,841,675
41.823,41.823,NoButton,Move,841,675
41.855,41.855,NoButton,Move,839,675
41.873,41.873,NoButton,Move,817,668
41.889,41.889,NoButton,Move,746,641
41.906,41.906,NoButton,Move,589,564
41.923,41.923,NoButton,Move,470,493
41.939,41.939,NoButton,Move,407,451
41.956,41.956,NoButton,Move,384,436
41.972,41.972,NoButton,Move,360,420
41.989,41.989,NoButton,Move,350,414
42.17,42.17,NoButton,Move,350,414
42.177,42.177,NoButton,Move,350,414
42.223,42.223,NoButton,Move,349,412
42.239,42.239,NoButton,Move,340,403
42.256,42.256,NoButton,Move,319,382
42.274,42.274,NoButton,Move,280,348
42.289,42.289,NoButton,Move,225,303
42.306,42.306,NoButton,Move,185,272
42.323,42.323,NoButton,Move,153,251
42.34,42.34,NoButton,Move,124,233
42.355,42.355,NoButton,Move,112,228
42.372,42.372,NoButton,Move,101,224
42.388,42.388,NoButton,Move,95,222
42.406,42.406,NoButton,Move,89,221
42.423,42.423,NoButton,Move,87,221
42.439,42.439,NoButton,Move,86,221
42.456,42.456,NoButton,Move,86,221
42.473,42.473,NoButton,Move,86,221
42.523,42.523,NoButton,Move,86,221
42.539,42.539,NoButton,Move,86,221
42.556,42.556,NoButton,Move,86,220
42.573,42.573,NoButton,Move,86,219
42.59,42.59,NoButton,Move,86,218
42.606,42.606,NoButton,Move,86,218
42.623,42.623,NoButton,Move,95,221
42.64,42.64,NoButton,Move,125,250
42.656,42.656,NoButton,Move,175,308
42.673,42.673,NoButton,Move,248,393
42.689,42.689,NoButton,Move,330,494
42.706,42.706,NoButton,Move,389,565
42.723,42.723,NoButton,Move,453,638
42.739,42.739,NoButton,Move,468,656
42.757,42.757,NoButton,Move,485,676
42.972,42.972,NoButton,Move,485,675
42.979,42.979,NoButton,Move,485,673
42.99,42.99,NoButton,Move,484,671
43.006,43.006,NoButton,Move,483,668
43.023,43.023,NoButton,Move,482,664
43.039,43.039,NoButton,Move,481,660
43.057,43.057,NoButton,Move,480,656
43.073,43.073,NoButton,Move,479,654
43.089,43.089,NoButton,Move,478,652
43.106,43.106,NoButton,Move,478,652
43.119,43.119,Left,Pressed,478,652
43.205,43.205,NoButton,Move,478,651
43.223,43.223,Left,Released,478,651
48.278,48.278,NoButton,Move,478,652
48.289,48.289,NoButton,Move,479,652
48.307,48.307,NoButton,Move,479,652
48.323,48.323,NoButton,Move,479,652
48.34,48.34,NoButton,Move,480,653
48.356,48.356,NoButton,Move,480,653
48.374,48.374,NoButton,Move,480,653
48.389,48.389,NoButton,Move,481,653
48.44,48.44,NoButton,Move,481,653
48.456,48.456,NoButton,Move,481,654
48.473,48.473,NoButton,Move,482,654
48.49,48.49,NoButton,Move,482,654
48.506,48.506,NoButton,Move,483,655
48.523,48.523,NoButton,Move,483,655
48.54,48.54,NoButton,Move,485,656
48.557,48.557,NoButton,Move,487,658
48.573,48.573,NoButton,Move,488,659
48.59,48.59,NoButton,Move,491,662
48.605,48.605,NoButton,Move,492,663
48.623,48.623,NoButton,Move,495,665
48.64,48.64,NoButton,Move,496,667
48.657,48.657,NoButton,Move,496,669
48.673,48.673,NoButton,Move,497,671
48.69,48.69,NoButton,Move,497,675
48.707,48.707,NoButton,Move,497,679
48.722,48.722,NoButton,Move,497,684
48.74,48.74,NoButton,Move,497,692
48.757,48.757,NoButton,Move,494,700
48.773,48.773,NoButton,Move,488,711
48.791,48.791,NoButton,Move,479,722
48.805,48.805,NoButton,Move,475,727
48.823,48.823,NoButton,Move,458,737
48.84,48.84,NoButton,Move,447,740
48.856,48.856,NoButton,Move,436,742
48.874,48.874,NoButton,Move,425,743
48.889,48.889,NoButton,Move,417,743
48.905,48.905,NoButton,Move,411,742
48.923,48.923,NoButton,Move,406,740
48.94,48.94,NoButton,Move,402,737
48.956,48.956,NoButton,Move,400,736
48.974,48.974,NoButton,Move,399,735
48.99,48.99,NoButton,Move,399,734
49.074,49.074,NoButton,Move,399,735
49.091,49.091,NoButton,Move,399,736
49.106,49.106,NoButton,Move,399,739
49.123,49.123,NoButton,Move,400,743
49.14,49.14,NoButton,Move,401,749
49.157,49.157,NoButton,Move,403,754
49.173,49.173,NoButton,Move,404,759
49.19,49.19,NoButton,Move,405,764
49.207,49.207,NoButton,Move,405,768
49.223,49.223,NoButton,Move,406,770
49.24,49.24,NoButton,Move,406,771
49.256,49.256,NoButton,Move,406,771
49.277,49.277,NoButton,Move,406,771
49.29,49.29,NoButton,Move,406,769
49.307,49.307,NoButton,Move,406,763
49.323,49.323,NoButton,Move,406,759
49.34,49.34,NoButton,Move,406,754
49.357,49.357,NoButton,Move,407,751
49.373,49.373,NoButton,Move,408,749
49.39,49.39,NoButton,Move,408,748
49.407,49.407,NoButton,Move,409,749
49.423,49.423,NoButton,Move,411,753
49.44,49.44,NoButton,Move,413,762
49.456,49.456,NoButton,Move,415,772
49.475,49.475,NoButton,Move,419,787
49.49,49.49,NoButton,Move,420,791
49.506,49.506,NoButton,Move,422,799
49.523,49.523,NoButton,Move,422,803
49.539,49.539,NoButton,Move,423,806
49.555,49.555,NoButton,Move,423,807
49.572,49.572,NoButton,Move,424,807
49.588,49.588,NoButton,Move,424,808
50.163,50.163,NoButton,Move,424,808
50.205,50.205,NoButton,Move,424,807
50.223,50.223,NoButton,Move,424,807
50.24,50.24,NoButton,Move,424,806
50.257,50.257,NoButton,Move,423,806
50.273,50.273,NoButton,Move,423,805
50.29,50.29,NoButton,Move,423,804
50.306,50.306,NoButton,Move,423,804
50.323,50.323,NoButton,Move,423,803
50.34,50.34,NoButton,Move,423,803
50.356,50.356,NoButton,Move,423,802
50.374,50.374,NoButton,Move,423,801
50.39,50.39,NoButton,Move,423,800
50.407,50.407,NoButton,Move,423,800
50.422,50.422,NoButton,Move,423,799
50.439,50.439,NoButton,Move,423,799
50.531,50.531,NoButton,Move,423,799
51.004,51.004,Left,Pressed,423,799
51.153,51.153,Left,Released,423,799
51.628,51.628,NoButton,Move,423,799
51.639,51.639,NoButton,Move,423,796
51.656,51.656,NoButton,Move,427,789
51.673,51.673,NoButton,Move,435,775
51.689,51.689,NoButton,Move,443,756
51.706,51.706,NoButton,Move,450,731
51.723,51.723,NoButton,Move,455,700
51.74,51.74,NoButton,Move,457,662
51.756,51.756,NoButton,Move,454,605
51.773,51.773,NoButton,Move,446,574
51.789,51.789,NoButton,Move,433,536
51.806,51.806,NoButton,Move,420,503
51.823,51.823,NoButton,Move,412,489
52.283,52.283,NoButton,Move,412,491
52.306,52.306,NoButton,Move,412,494
52.323,52.323,Scroll,Up,0,1
52.339,52.339,Scroll,Up,0,6
52.357,52.357,Scroll,Up,0,10
52.373,52.373,Scroll,Up,0,10
52.39,52.39,Scroll,Up,0,12
52.406,52.406,Scroll,Up,0,7
52.423,52.423,Scroll,Up,0,6
52.439,52.439,Scroll,Up,0,10
52.456,52.456,Scroll,Up,0,11
52.473,52.473,Scroll,Up,0,12
52.489,52.489,Scroll,Up,0,12
52.506,52.506,Scroll,Up,0,12
52.523,52.523,Scroll,Up,0,11
52.546,52.546,Scroll,Up,0,12
52.973,52.973,NoButton,Move,405,486
52.989,52.989,NoButton,Move,369,456
53.006,53.006,NoButton,Move,309,403
53.023,53.023,NoButton,Move,232,331
53.04,53.04,NoButton,Move,180,282
53.056,53.056,NoButton,Move,142,248
53.073,53.073,NoButton,Move,121,233
53.09,53.09,NoButton,Move,109,226
53.106,53.106,NoButton,Move,98,224
53.123,53.123,NoButton,Move,95,224
53.14,53.14,NoButton,Move,94,227
53.156,53.156,NoButton,Move,93,231
53.173,53.173,NoButton,Move,92,238
53.189,53.189,NoButton,Move,92,242
53.205,53.205,NoButton,Move,92,245
53.223,53.223,NoButton,Move,92,246
53.24,53.24,NoButton,Move,92,247
53.256,53.256,NoButton,Move,92,247
53.336,53.336,Left,Pressed,92,247
53.452,53.452,Left,Released,92,247
53.824,53.824,NoButton,Move,95,247
53.839,53.839,NoButton,Move,130,253
53.856,53.856,NoButton,Move,194,272
53.873,53.873,NoButton,Move,328,312
53.89,53.89,NoButton,Move,461,354
53.906,53.906,NoButton,Move,569,388
54.151,54.151,NoButton,Move,575,395
54.159,54.159,NoButton,Move,584,406
54.173,54.173,NoButton,Move,594,417
54.19,54.19,NoButton,Move,610,439
54.207,54.207,NoButton,Move,622,460
54.222,54.222,NoButton,Move,630,478
54.24,54.24,NoButton,Move,639,526
54.255,54.255,NoButton,Move,639,539
54.273,54.273,NoButton,Move,624,573
54.29,54.29,NoButton,Move,591,594
54.306,54.306,NoButton,Move,551,602
54.323,54.323,NoButton,Move,520,604
54.34,54.34,NoButton,Move,495,604
54.356,54.356,NoButton,Move,471,604
54.374,54.374,NoButton,Move,455,604
54.389,54.389,NoButton,Move,449,604
54.406,54.406,NoButton,Move,442,604
54.424,54.424,NoButton,Move,438,604
54.439,54.439,NoButton,Move,436,605
54.456,54.456,NoButton,Move,435,608
54.474,54.474,NoButton,Move,434,611
54.488,54.488,NoButton,Move,433,615
54.507,54.507,NoButton,Move,433,619
54.523,54.523,NoButton,Move,433,625
54.54,54.54,NoButton,Move,433,631
54.555,54.555,NoButton,Move,434,636
54.572,54.572,NoButton,Move,434,640
54.59,54.59,NoButton,Move,435,644
54.606,54.606,NoButton,Move,436,646
54.622,54.622,NoButton,Move,436,646
54.639,54.639,NoButton,Move,436,647
54.72,54.72,Left,Pressed,436,647
54.819,54.819,Left,Released,436,647
56.264,56.264,NoButton,Move,437,647
56.29,56.29,NoButton,Move,448,637
56.306,56.306,NoButton,Move,467,616
56.323,56.323,NoButton,Move,493,587
56.339,56.339,NoButton,Move,529,553
56.356,56.356,NoButton,Move,573,518
56.373,56.373,NoButton,Move,624,488
56.391,56.391,NoButton,Move,678,466
56.407,56.407,NoButton,Move,713,455
56.423,56.423,NoButton,Move,750,448
56.44,56.44,NoButton,Move,770,446
56.456,56.456,NoButton,Move,782,445
56.473,56.473,NoButton,Move,786,445
56.608,56.608,NoButton,Move,786,445
56.623,56.623,NoButton,Move,785,449
56.64,56.64,NoButton,Move,783,454
56.656,56.656,NoButton,Move,779,460
56.674,56.674,NoButton,Move,772,467
56.69,56.69,NoButton,Move,763,472
56.706,56.706,NoButton,Move,753,476
56.723,56.723,NoButton,Move,743,480
56.739,56.739,NoButton,Move,737,481
56.757,56.757,NoButton,Move,733,482
56.772,56.772,NoButton,Move,731,483
56.79,56.79,NoButton,Move,730,483
56.821,56.821,Left,Pressed,730,483
56.919,56.919,Left,Released,730,483
58.11,58.11,NoButton,Move,728,492
58.123,58.123,NoButton,Move,720,517
58.14,58.14,NoButton,Move,717,535
58.156,58.156,NoButton,Move,714,547
58.173,58.173,NoButton,Move,714,554
58.189,58.189,NoButton,Move,713,559
58.206,58.206,NoButton,Move,712,565
58.223,58.223,NoButton,Move,712,568
58.24,58.24,NoButton,Move,711,570
58.257,58.257,NoButton,Move,711,571
58.273,58.273,NoButton,Move,711,572
58.29,58.29,NoButton,Move,710,572
58.306,58.306,NoButton,Move,710,573
58.323,58.323,NoButton,Move,709,575
58.34,58.34,NoButton,Move,708,577
58.356,58.356,NoButton,Move,708,577
58.373,58.373,NoButton,Move,708,578
58.386,58.386,Left,Pressed,708,578
58.482,58.482,NoButton,Move,708,578
58.482,58.482,Left,Released,708,578
65.352,65.352,NoButton,Move,704,582
65.373,65.373,NoButton,Move,697,589
65.39,65.39,NoButton,Move,690,596
65.406,65.406,NoButton,Move,683,602
65.423,65.423,NoButton,Move,677,608
65.441,65.441,NoButton,Move,668,618
65.455,65.455,NoButton,Move,658,636
65.473,65.473,NoButton,Move,655,661
65.489,65.489,NoButton,Move,655,670
65.505,65.505,NoButton,Move,659,690
65.523,65.523,NoButton,Move,678,721
65.538,65.538,NoButton,Move,695,739
65.555,65.555,NoButton,Move,715,753
65.572,65.572,NoButton,Move,738,762
65.589,65.589,NoButton,Move,762,764
65.605,65.605,NoButton,Move,785,763
65.623,65.623,NoButton,Move,804,752
65.64,65.64,NoButton,Move,818,735
65.656,65.656,NoButton,Move,828,714
65.674,65.674,NoButton,Move,833,690
65.69,65.69,NoButton,Move,834,667
65.707,65.707,NoButton,Move,834,652
65.722,65.722,NoButton,Move,833,642
65.74,65.74,NoButton,Move,832,635
65.757,65.757,NoButton,Move,830,632
65.772,65.772,NoButton,Move,829,631
65.79,65.79,NoButton,Move,828,631
65.807,65.807,NoButton,Move,827,631
65.823,65.823,NoButton,Move,825,631
65.84,65.84,NoButton,Move,823,632
65.856,65.856,NoButton,Move,821,632
65.873,65.873,NoButton,Move,820,633
65.89,65.89,NoButton,Move,819,634
65.906,65.906,NoButton,Move,818,634
65.923,65.923,NoButton,Move,817,635
65.94,65.94,NoButton,Move,816,635
65.957,65.957,NoButton,Move,816,635
65.972,65.972,NoButton,Move,815,635
65.989,65.989,NoButton,Move,814,636
66.006,66.006,NoButton,Move,813,636
66.023,66.023,NoButton,Move,813,636
66.04,66.04,NoButton,Move,812,636
66.056,66.056,NoButton,Move,812,636
66.08,66.08,NoButton,Move,812,636
66.122,66.122,NoButton,Move,812,636
66.153,66.153,NoButton,Move,811,636
66.236,66.236,NoButton,Move,811,636
66.309,66.309,NoButton,Move,811,636
66.406,66.406,NoButton,Move,811,636
66.506,66.506,NoButton,Move,810,636
68.704,68.704,Left,Pressed,810,636
68.802,68.802,Left,Released,810,636
74.874,74.874,NoButton,Move,810,636
74.89,74.89,NoButton,Move,806,637
74.907,74.907,NoButton,Move,795,640
74.923,74.923,NoButton,Move,775,644
74.94,74.94,NoButton,Move,746,649
74.956,74.956,NoButton,Move,711,652
74.973,74.973,NoButton,Move,669,655
74.99,74.99,NoButton,Move,631,657
75.007,75.007,NoButton,Move,598,658
75.023,75.023,NoButton,Move,571,663
75.669,75.669,NoButton,Move,570,663
75.69,75.69,NoButton,Move,564,663
75.707,75.707,NoButton,Move,541,657
75.724,75.724,NoButton,Move,507,646
75.739,75.739,NoButton,Move,467,629
75.756,75.756,NoButton,Move,456,624
75.773,75.773,NoButton,Move,383,599
75.79,75.79,NoButton,Move,365,596
75.806,75.806,NoButton,Move,338,595
75.823,75.823,NoButton,Move,329,596
76.053,76.053,NoButton,Move,329,595
76.06,76.06,NoButton,Move,330,589
76.073,76.073,NoButton,Move,334,583
76.09,76.09,NoButton,Move,338,571
76.107,76.107,NoButton,Move,342,556
76.123,76.123,NoButton,Move,346,517
76.141,76.141,NoButton,Move,346,462
76.157,76.157,NoButton,Move,335,386
76.173,76.173,NoButton,Move,299,285
76.19,76.19,NoButton,Move,280,256
76.207,76.207,NoButton,Move,248,217
76.224,76.224,NoButton,Move,195,201
76.239,76.239,NoButton,Move,178,201
76.257,76.257,NoButton,Move,163,210
76.503,76.503,NoButton,Move,163,211
76.522,76.522,NoButton,Move,163,215
76.54,76.54,NoButton,Move,164,220
76.557,76.557,NoButton,Move,165,224
76.574,76.574,NoButton,Move,167,229
76.59,76.59,NoButton,Move,168,237
76.606,76.606,NoButton,Move,169,247
76.623,76.623,NoButton,Move,169,257
76.64,76.64,NoButton,Move,169,266
76.657,76.657,NoButton,Move,166,272
76.672,76.672,NoButton,Move,163,278
76.689,76.689,NoButton,Move,160,281
76.706,76.706,NoButton,Move,159,282
76.723,76.723,NoButton,Move,158,283
76.74,76.74,NoButton,Move,158,283
76.823,76.823,NoButton,Move,157,284
76.84,76.84,NoButton,Move,155,284
76.856,76.856,NoButton,Move,154,284
76.873,76.873,NoButton,Move,150,284
76.89,76.89,NoButton,Move,147,284
76.906,76.906,NoButton,Move,143,283
76.923,76.923,NoButton,Move,142,283
76.938,76.938,Left,Pressed,142,283
76.956,76.956,NoButton,Move,142,282
77.037,77.037,Left,Released,142,282
77.256,77.256,NoButton,Move,142,285
77.273,77.273,NoButton,Move,142,294
77.29,77.29,NoButton,Move,142,304
77.308,77.308,NoButton,Move,141,312
77.323,77.323,NoButton,Move,138,321
77.34,77.34,NoButton,Move,135,329
77.356,77.356,NoButton,Move,132,335
77.373,77.373,NoButton,Move,130,338
77.39,77.39,NoButton,Move,130,339
77.42,77.42,Left,Pressed,130,339
77.44,77.44,NoButton,Move,130,339
77.486,77.486,Left,Released,130,339
77.783,77.783,NoButton,Move,130,339
77.789,77.789,NoButton,Move,134,339
77.807,77.807,NoButton,Move,139,339
77.823,77.823,NoButton,Move,192,336
77.841,77.841,NoButton,Move,273,336
77.857,77.857,NoButton,Move,335,341
77.873,77.873,NoButton,Move,412,358
77.89,77.89,NoButton,Move,451,368
77.906,77.906,NoButton,Move,477,375
77.923,77.923,NoButton,Move,492,381
77.94,77.94,NoButton,Move,509,389
77.957,77.957,NoButton,Move,513,394
77.973,77.973,NoButton,Move,514,402
77.99,77.99,NoButton,Move,514,413
78.006,78.006,NoButton,Move,512,423
78.023,78.023,NoButton,Move,509,431
78.041,78.041,NoButton,Move,506,436
78.056,78.056,NoButton,Move,503,440
78.072,78.072,NoButton,Move,501,441
78.089,78.089,NoButton,Move,500,442
78.106,78.106,NoButton,Move,500,443
78.123,78.123,NoButton,Move,500,443
78.536,78.536,Left,Pressed,500,443
78.635,78.635,Left,Released,500,443
80.23,80.23,NoButton,Move,501,443
80.244,80.244,NoButton,Move,502,442
80.257,80.257,NoButton,Move,505,439
80.273,80.273,NoButton,Move,512,433
80.291,80.291,NoButton,Move,518,426
80.307,80.307,NoButton,Move,520,423
80.323,80.323,NoButton,Move,526,411
80.34,80.34,NoButton,Move,528,404
80.357,80.357,NoButton,Move,528,396
80.373,80.373,NoButton,Move,528,390
80.39,80.39,NoButton,Move,526,384
80.407,80.407,NoButton,Move,523,379
80.423,80.423,NoButton,Move,520,376
80.44,80.44,NoButton,Move,515,373
80.457,80.457,NoButton,Move,511,369
80.474,80.474,NoButton,Move,507,367
80.49,80.49,NoButton,Move,502,364
80.507,80.507,NoButton,Move,494,358
80.522,80.522,NoButton,Move,492,356
80.54,80.54,NoButton,Move,487,351
80.557,80.557,NoButton,Move,484,348
80.573,80.573,NoButton,Move,481,345
80.59,80.59,NoButton,Move,479,343
80.606,80.606,NoButton,Move,477,342
80.623,80.623,NoButton,Move,474,338
80.641,80.641,NoButton,Move,472,336
80.657,80.657,NoButton,Move,471,334
80.673,80.673,NoButton,Move,470,333
80.69,80.69,NoButton,Move,469,331
80.707,80.707,NoButton,Move,468,330
80.723,80.723,NoButton,Move,467,329
80.741,80.741,NoButton,Move,467,328
80.757,80.757,NoButton,Move,466,328
80.774,80.774,NoButton,Move,466,327
80.79,80.79,NoButton,Move,466,327
80.807,80.807,NoButton,Move,465,327
80.824,80.824,NoButton,Move,465,326
80.843,80.843,NoButton,Move,465,326
80.868,80.868,NoButton,Move,465,326
80.884,80.884,NoButton,Move,464,326
80.923,80.923,NoButton,Move,464,325
80.941,80.941,NoButton,Move,464,325
80.956,80.956,NoButton,Move,464,325
80.974,80.974,NoButton,Move,464,325
80.99,80.99,NoButton,Move,464,325
81.007,81.007,NoButton,Move,464,324
81.024,81.024,NoButton,Move,463,324
81.04,81.04,NoButton,Move,463,324
81.064,81.064,NoButton,Move,463,324
81.073,81.073,NoButton,Move,463,324
81.09,81.09,NoButton,Move,463,323
81.107,81.107,NoButton,Move,463,323
81.124,81.124,NoButton,Move,463,323
81.14,81.14,NoButton,Move,462,323
81.157,81.157,NoButton,Move,462,323
81.179,81.179,NoButton,Move,462,323
81.19,81.19,NoButton,Move,462,322
82.294,82.294,NoButton,Move,462,322
82.392,82.392,NoButton,Move,462,323
82.44,82.44,NoButton,Move,462,323
82.464,82.464,NoButton,Move,462,323
82.48,82.48,NoButton,Move,462,323
82.506,82.506,NoButton,Move,462,324
82.523,82.523,NoButton,Move,462,324
82.541,82.541,NoButton,Move,462,324
82.556,82.556,NoButton,Move,462,324
82.573,82.573,NoButton,Move,462,325
82.59,82.59,NoButton,Move,462,326
82.606,82.606,NoButton,Move,462,329
82.623,82.623,NoButton,Move,463,334
82.64,82.64,NoButton,Move,466,342
82.657,82.657,NoButton,Move,470,352
82.672,82.672,NoButton,Move,474,362
82.69,82.69,NoButton,Move,477,369
82.707,82.707,NoButton,Move,484,388
82.723,82.723,NoButton,Move,487,398
82.74,82.74,NoButton,Move,490,407
82.757,82.757,NoButton,Move,491,413
82.773,82.773,NoButton,Move,492,419
82.79,82.79,NoButton,Move,492,423
82.807,82.807,NoButton,Move,492,424
82.824,82.824,NoButton,Move,492,426
82.873,82.873,NoButton,Move,492,426
82.889,82.889,NoButton,Move,492,424
82.898,82.898,NoButton,Move,492,422
82.907,82.907,NoButton,Move,492,420
82.924,82.924,NoButton,Move,492,416
82.941,82.941,NoButton,Move,491,412
82.957,82.957,NoButton,Move,491,409
82.973,82.973,NoButton,Move,491,407
82.991,82.991,NoButton,Move,491,406
83.004,83.004,Left,Pressed,491,406
83.007,83.007,Left,Released,491,406
84.457,84.457,NoButton,Move,425,455
84.472,84.472,NoButton,Move,423,454
84.489,84.489,NoButton,Move,421,453
84.505,84.505,NoButton,Move,419,452
84.522,84.522,NoButton,Move,418,452
84.539,84.539,NoButton,Move,415,452
84.556,84.556,NoButton,Move,411,453
84.573,84.573,NoButton,Move,407,458
84.59,84.59,NoButton,Move,400,465
84.607,84.607,NoButton,Move,394,472
84.623,84.623,NoButton,Move,389,478
84.64,84.64,NoButton,Move,386,484
84.656,84.656,NoButton,Move,383,487
84.674,84.674,NoButton,Move,382,488
84.686,84.686,Left,Pressed,382,488
84.723,84.723,NoButton,Move,382,489
84.818,84.818,Left,Released,382,489
86.7,86.7,NoButton,Move,382,489
86.706,86.706,NoButton,Move,382,493
86.723,86.723,NoButton,Move,383,500
86.74,86.74,NoButton,Move,384,510
86.757,86.757,NoButton,Move,386,522
86.768,86.768,NoButton,Move,386,528
86.774,86.774,NoButton,Move,387,536
86.79,86.79,NoButton,Move,387,550
86.808,86.808,NoButton,Move,387,564
86.823,86.823,NoButton,Move,387,578
86.841,86.841,NoButton,Move,387,588
86.856,86.856,NoButton,Move,385,593
86.873,86.873,NoButton,Move,383,599
86.891,86.891,NoButton,Move,381,603
86.907,86.907,NoButton,Move,379,607
86.923,86.923,NoButton,Move,377,609
86.94,86.94,NoButton,Move,376,611
86.957,86.957,NoButton,Move,375,611
86.973,86.973,NoButton,Move,375,612
86.991,86.991,NoButton,Move,374,612
87.051,87.051,NoButton,Move,374,612
87.058,87.058,NoButton,Move,374,611
87.073,87.073,NoButton,Move,374,609
87.09,87.09,NoButton,Move,374,607
87.106,87.106,NoButton,Move,375,601
87.123,87.123,NoButton,Move,378,592
87.14,87.14,NoButton,Move,380,586
87.157,87.157,NoButton,Move,381,582
87.174,87.174,NoButton,Move,382,580
87.19,87.19,NoButton,Move,384,576
87.206,87.206,NoButton,Move,384,574
87.223,87.223,NoButton,Move,385,574
87.24,87.24,NoButton,Move,385,573
87.321,87.321,Left,Pressed,385,573
87.435,87.435,Left,Released,385,573
92.143,92.143,NoButton,Move,384,579
92.156,92.156,NoButton,Move,384,585
92.173,92.173,NoButton,Move,383,588
92.19,92.19,NoButton,Move,383,594
92.206,92.206,NoButton,Move,382,598
92.223,92.223,NoButton,Move,382,601
92.24,92.24,NoButton,Move,382,606
92.256,92.256,NoButton,Move,381,609
92.273,92.273,NoButton,Move,381,613
92.29,92.29,NoButton,Move,381,616
92.308,92.308,NoButton,Move,381,618
92.322,92.322,NoButton,Move,381,619
92.34,92.34,NoButton,Move,380,620
92.355,92.355,NoButton,Move,380,620
92.373,92.373,NoButton,Move,380,620
92.386,92.386,Left,Pressed,380,620
92.536,92.536,Left,Released,380,620
92.796,92.796,NoButton,Move,380,620
92.809,92.809,NoButton,Move,382,615
92.823,92.823,NoButton,Move,390,605
92.84,92.84,NoButton,Move,408,589
92.856,92.856,NoButton,Move,444,566
92.873,92.873,NoButton,Move,496,539
92.891,92.891,NoButton,Move,555,518
92.907,92.907,NoButton,Move,597,505
92.922,92.922,NoButton,Move,640,494
92.939,92.939,NoButton,Move,660,488
92.957,92.957,NoButton,Move,670,485
92.973,92.973,NoButton,Move,678,482
92.99,92.99,NoButton,Move,680,481
93.007,93.007,NoButton,Move,681,480
93.04,93.04,NoButton,Move,679,482
93.057,93.057,NoButton,Move,676,484
93.074,93.074,NoButton,Move,672,488
93.09,93.09,NoButton,Move,670,489
93.106,93.106,NoButton,Move,670,490
93.136,93.136,Left,Pressed,670,490
93.141,93.141,NoButton,Move,670,490
93.253,93.253,Left,Released,670,490
93.817,93.817,NoButton,Move,670,490
93.823,93.823,NoButton,Move,668,490
93.84,93.84,NoButton,Move,662,487
93.857,93.857,NoButton,Move,641,474
93.874,93.874,NoButton,Move,628,466
93.89,93.89,NoButton,Move,614,456
93.906,93.906,NoButton,Move,607,452
93.924,93.924,NoButton,Move,600,449
93.94,93.94,NoButton,Move,598,447
93.957,93.957,NoButton,Move,596,447
93.973,93.973,NoButton,Move,596,447
93.986,93.986,Left,Pressed,596,447
94.17,94.17,Left,Released,596,447
94.656,94.656,NoButton,Move,596,447
94.673,94.673,NoButton,Move,596,449
94.69,94.69,NoButton,Move,596,451
94.707,94.707,NoButton,Move,595,453
94.723,94.723,NoButton,Move,592,456
94.74,94.74,NoButton,Move,589,459
94.757,94.757,NoButton,Move,585,461
94.773,94.773,NoButton,Move,579,462
94.79,94.79,NoButton,Move,573,462
94.807,94.807,NoButton,Move,562,460
94.824,94.824,NoButton,Move,556,457
94.84,94.84,NoButton,Move,529,425
94.857,94.857,NoButton,Move,507,383
94.874,94.874,NoButton,Move,483,325
94.89,94.89,NoButton,Move,472,282
94.907,94.907,NoButton,Move,470,267
94.923,94.923,NoButton,Move,466,246
94.94,94.94,NoButton,Move,466,235
94.957,94.957,NoButton,Move,466,232
94.974,94.974,NoButton,Move,467,231
94.99,94.99,NoButton,Move,468,231
95.007,95.007,NoButton,Move,468,234
95.023,95.023,NoButton,Move,466,241
95.04,95.04,NoButton,Move,464,250
95.056,95.056,NoButton,Move,461,259
95.073,95.073,NoButton,Move,459,268
95.091,95.091,NoButton,Move,458,276
95.107,95.107,NoButton,Move,457,285
95.123,95.123,NoButton,Move,457,293
95.14,95.14,NoButton,Move,456,298
95.157,95.157,NoButton,Move,456,304
95.173,95.173,NoButton,Move,455,309
95.19,95.19,NoButton,Move,455,313
95.206,95.206,NoButton,Move,454,315
95.223,95.223,NoButton,Move,454,316
95.24,95.24,NoButton,Move,454,317
95.257,95.257,NoButton,Move,454,318
95.273,95.273,NoButton,Move,454,318
95.322,95.322,NoButton,Move,454,318
95.352,95.352,NoButton,Move,454,318
95.358,95.358,NoButton,Move,454,319
95.373,95.373,NoButton,Move,453,319
95.39,95.39,NoButton,Move,453,321
95.407,95.407,NoButton,Move,452,324
95.423,95.423,NoButton,Move,451,327
95.441,95.441,NoButton,Move,449,332
95.457,95.457,NoButton,Move,449,333
95.473,95.473,NoButton,Move,448,336
95.49,95.49,NoButton,Move,448,336
95.506,95.506,NoButton,Move,448,337
95.53,95.53,NoButton,Move,447,337
95.573,95.573,NoButton,Move,447,337
95.663,95.663,NoButton,Move,447,337
95.687,95.687,NoButton,Move,447,337
95.695,95.695,NoButton,Move,447,337
95.719,95.719,NoButton,Move,446,337
95.735,95.735,NoButton,Move,446,336
95.77,95.77,Left,Pressed,446,336
95.773,95.773,Left,Released,446,336
109.246,109.246,NoButton,Move,401,361
109.256,109.256,NoButton,Move,402,367
109.273,109.273,NoButton,Move,402,373
109.29,109.29,NoButton,Move,402,377
109.306,109.306,NoButton,Move,402,384
109.323,109.323,NoButton,Move,402,391
109.34,109.34,NoButton,Move,402,396
109.356,109.356,NoButton,Move,401,402
109.373,109.373,NoButton,Move,401,406
109.39,109.39,NoButton,Move,400,408
109.406,109.406,NoButton,Move,400,409
109.423,109.423,NoButton,Move,399,410
109.44,109.44,NoButton,Move,399,410
109.491,109.491,NoButton,Move,399,410
109.607,109.607,NoButton,Move,399,410
109.624,109.624,NoButton,Move,399,412
109.64,109.64,NoButton,Move,399,414
109.657,109.657,NoButton,Move,399,417
109.673,109.673,NoButton,Move,399,419
109.69,109.69,NoButton,Move,398,422
109.707,109.707,NoButton,Move,397,425
109.723,109.723,NoButton,Move,397,428
109.741,109.741,NoButton,Move,397,431
109.757,109.757,NoButton,Move,397,434
109.774,109.774,NoButton,Move,397,437
109.79,109.79,NoButton,Move,396,440
109.806,109.806,NoButton,Move,396,442
109.824,109.824,NoButton,Move,396,444
109.839,109.839,NoButton,Move,396,444
109.856,109.856,NoButton,Move,396,445
109.874,109.874,NoButton,Move,396,446
109.923,109.923,NoButton,Move,396,446
109.94,109.94,NoButton,Move,396,444
109.957,109.957,NoButton,Move,396,442
109.974,109.974,NoButton,Move,395,436
109.99,109.99,NoButton,Move,395,430
110.007,110.007,NoButton,Move,395,421
110.023,110.023,NoButton,Move,395,416
110.04,110.04,NoButton,Move,395,413
110.057,110.057,NoButton,Move,395,410
110.073,110.073,NoButton,Move,395,409
110.09,110.09,NoButton,Move,395,408
110.107,110.107,NoButton,Move,395,407
110.123,110.123,NoButton,Move,395,407
110.14,110.14,NoButton,Move,395,406
110.156,110.156,NoButton,Move,395,406
110.174,110.174,NoButton,Move,395,406
110.189,110.189,NoButton,Move,395,405
110.222,110.222,Left,Pressed,395,405
110.224,110.224,Left,Released,395,405
112.846,112.846,NoButton,Move,404,512
112.856,112.856,NoButton,Move,404,512
112.88,112.88,NoButton,Move,404,512
112.89,112.89,NoButton,Move,404,514
112.906,112.906,NoButton,Move,406,518
112.923,112.923,NoButton,Move,407,522
112.94,112.94,NoButton,Move,408,524
112.956,112.956,NoButton,Move,409,528
112.973,112.973,NoButton,Move,410,531
112.99,112.99,NoButton,Move,410,535
113.006,113.006,NoButton,Move,410,540
113.023,113.023,NoButton,Move,410,546
113.04,113.04,NoButton,Move,411,551
113.056,113.056,NoButton,Move,411,554
113.073,113.073,NoButton,Move,411,556
113.09,113.09,NoButton,Move,411,557
113.107,113.107,NoButton,Move,411,558
113.136,113.136,NoButton,Move,411,557
113.144,113.144,NoButton,Move,410,553
113.157,113.157,NoButton,Move,409,550
113.174,113.174,NoButton,Move,408,541
113.19,113.19,NoButton,Move,406,531
113.208,113.208,NoButton,Move,406,523
113.223,113.223,NoButton,Move,406,518
113.241,113.241,NoButton,Move,406,514
113.257,113.257,NoButton,Move,406,512
113.27,113.27,Left,Pressed,406,512
113.307,113.307,NoButton,Move,406,511
113.37,113.37,Left,Released,406,511
114.367,114.367,NoButton,Move,406,517
114.39,114.39,NoButton,Move,411,539
114.407,114.407,NoButton,Move,415,546
114.424,114.424,NoButton,Move,421,552
114.44,114.44,NoButton,Move,434,564
114.458,114.458,NoButton,Move,448,577
114.473,114.473,NoButton,Move,464,591
114.49,114.49,NoButton,Move,476,603
114.508,114.508,NoButton,Move,488,617
114.523,114.523,NoButton,Move,495,624
114.54,114.54,NoButton,Move,501,632
114.557,114.557,NoButton,Move,503,638
114.573,114.573,NoButton,Move,505,642
114.589,114.589,NoButton,Move,505,645
114.607,114.607,NoButton,Move,505,647
114.623,114.623,NoButton,Move,505,648
114.64,114.64,NoButton,Move,505,648
114.657,114.657,NoButton,Move,505,648
114.775,114.775,NoButton,Move,505,648
114.79,114.79,NoButton,Move,505,648
114.807,114.807,NoButton,Move,505,648
114.823,114.823,NoButton,Move,505,646
114.84,114.84,NoButton,Move,504,644
114.857,114.857,NoButton,Move,504,643
114.874,114.874,NoButton,Move,503,641
114.889,114.889,NoButton,Move,503,640
114.906,114.906,NoButton,Move,502,640
114.923,114.923,NoButton,Move,502,639
114.94,114.94,NoButton,Move,502,639
115.011,115.011,NoButton,Move,502,639
115.024,115.024,NoButton,Move,501,639
115.041,115.041,NoButton,Move,498,637
115.057,115.057,NoButton,Move,493,634
115.074,115.074,NoButton,Move,482,629
115.09,115.09,NoButton,Move,470,622
115.107,115.107,NoButton,Move,460,616
115.123,115.123,NoButton,Move,448,608
115.14,115.14,NoButton,Move,440,602
115.157,115.157,NoButton,Move,435,599
115.174,115.174,NoButton,Move,431,596
115.191,115.191,NoButton,Move,429,594
115.207,115.207,NoButton,Move,427,592
115.237,115.237,Left,Pressed,427,592
115.257,115.257,NoButton,Move,427,592
115.331,115.331,Left,Released,427,592
117.63,117.63,NoButton,Move,428,592
117.64,117.64,NoButton,Move,430,593
117.657,117.657,NoButton,Move,432,594
117.673,117.673,NoButton,Move,435,595
117.691,117.691,NoButton,Move,437,597
117.707,117.707,NoButton,Move,439,599
117.724,117.724,NoButton,Move,442,600
117.74,117.74,NoButton,Move,444,603
117.757,117.757,NoButton,Move,446,605
117.774,117.774,NoButton,Move,448,607
117.79,117.79,NoButton,Move,450,609
117.807,117.807,NoButton,Move,450,610
117.823,117.823,NoButton,Move,452,614
117.842,117.842,NoButton,Move,452,616
117.856,117.856,NoButton,Move,453,620
117.874,117.874,NoButton,Move,453,623
117.89,117.89,NoButton,Move,453,626
117.906,117.906,NoButton,Move,453,628
117.924,117.924,NoButton,Move,453,630
117.94,117.94,NoButton,Move,453,631
117.957,117.957,NoButton,Move,453,632
117.974,117.974,NoButton,Move,453,632
118.064,118.064,NoButton,Move,452,632
118.179,118.179,NoButton,Move,452,632
118.19,118.19,NoButton,Move,452,632
118.269,118.269,NoButton,Move,452,631
118.307,118.307,NoButton,Move,452,631
118.324,118.324,NoButton,Move,452,631
118.34,118.34,NoButton,Move,452,631
118.357,118.357,NoButton,Move,452,631
118.374,118.374,NoButton,Move,452,630
118.39,118.39,NoButton,Move,452,630
118.407,118.407,NoButton,Move,452,630
118.423,118.423,NoButton,Move,452,629
118.439,118.439,NoButton,Move,452,629
118.457,118.457,NoButton,Move,452,629
118.474,118.474,NoButton,Move,452,629
118.49,118.49,NoButton,Move,452,628
118.507,118.507,NoButton,Move,452,628
118.523,118.523,NoButton,Move,452,628
118.54,118.54,NoButton,Move,452,627
118.59,118.59,NoButton,Move,452,627
118.921,118.921,Left,Pressed,452,627
119.036,119.036,Left,Released,452,627
119.326,119.326,NoButton,Move,452,627
119.34,119.34,NoButton,Move,452,623
119.357,119.357,NoButton,Move,455,613
119.374,119.374,NoButton,Move,461,597
119.39,119.39,NoButton,Move,469,575
119.407,119.407,NoButton,Move,486,530
119.424,119.424,NoButton,Move,494,513
119.44,119.44,NoButton,Move,503,498
119.457,119.457,NoButton,Move,511,487
119.473,119.473,NoButton,Move,516,483
119.489,119.489,NoButton,Move,521,479
119.507,119.507,NoButton,Move,528,476
119.523,119.523,NoButton,Move,534,475
119.54,119.54,NoButton,Move,541,474
119.556,119.556,NoButton,Move,551,474
119.573,119.573,NoButton,Move,562,473
119.59,119.59,NoButton,Move,573,471
119.608,119.608,NoButton,Move,585,471
119.624,119.624,NoButton,Move,592,470
119.64,119.64,NoButton,Move,598,470
119.657,119.657,NoButton,Move,603,470
119.674,119.674,NoButton,Move,605,470
119.689,119.689,NoButton,Move,606,472
119.707,119.707,NoButton,Move,606,477
119.725,119.725,NoButton,Move,606,485
119.74,119.74,NoButton,Move,605,490
119.756,119.756,NoButton,Move,603,495
119.774,119.774,NoButton,Move,602,498
119.79,119.79,NoButton,Move,601,499
119.807,119.807,NoButton,Move,600,500
119.82,119.82,Left,Pressed,600,500
119.84,119.84,NoButton,Move,600,501
119.92,119.92,Left,Released,600,501
119.957,119.957,NoButton,Move,600,501
120.62,120.62,NoButton,Move,600,499
120.639,120.639,NoButton,Move,600,495
120.656,120.656,NoButton,Move,600,487
120.673,120.673,NoButton,Move,599,479
120.691,120.691,NoButton,Move,599,473
120.707,120.707,NoButton,Move,598,467
120.724,120.724,NoButton,Move,598,462
120.741,120.741,NoButton,Move,597,459
120.756,120.756,NoButton,Move,597,457
120.774,120.774,NoButton,Move,597,456
120.79,120.79,NoButton,Move,597,456
120.805,120.805,NoButton,Move,597,456
120.805,120.805,Left,Pressed,597,456
120.97,120.97,Left,Released,597,456
121.603,121.603,NoButton,Move,598,456
121.624,121.624,NoButton,Move,599,456
121.641,121.641,NoButton,Move,605,457
121.657,121.657,NoButton,Move,611,457
121.674,121.674,NoButton,Move,620,459
121.69,121.69,NoButton,Move,633,460
121.707,121.707,NoButton,Move,649,461
121.724,121.724,NoButton,Move,681,463
121.74,121.74,NoButton,Move,717,468
121.758,121.758,NoButton,Move,785,484
121.774,121.774,NoButton,Move,808,491
121.791,121.791,NoButton,Move,859,508
121.807,121.807,NoButton,Move,877,515
121.824,121.824,NoButton,Move,888,520
121.841,121.841,NoButton,Move,895,525
122.225,122.225,NoButton,Move,896,525
122.24,122.24,NoButton,Move,897,525
122.256,122.256,NoButton,Move,898,525
122.272,122.272,NoButton,Move,900,525
122.289,122.289,NoButton,Move,900,525
122.307,122.307,NoButton,Move,901,525
122.323,122.323,NoButton,Move,901,524
122.341,122.341,NoButton,Move,895,520
122.357,122.357,NoButton,Move,871,508
122.374,122.374,NoButton,Move,825,492
122.39,122.39,NoButton,Move,730,465
122.407,122.407,NoButton,Move,669,451
122.424,122.424,NoButton,Move,601,439
122.44,122.44,NoButton,Move,565,434
122.456,122.456,NoButton,Move,537,433
122.473,122.473,NoButton,Move,513,432
122.49,122.49,NoButton,Move,503,432
122.507,122.507,NoButton,Move,494,432
122.524,122.524,NoButton,Move,492,432
124.248,124.248,NoButton,Move,492,432
124.274,124.274,NoButton,Move,492,431
124.29,124.29,NoButton,Move,492,431
124.307,124.307,NoButton,Move,492,431
124.324,124.324,NoButton,Move,491,431
124.341,124.341,NoButton,Move,491,430
124.356,124.356,NoButton,Move,491,430
124.377,124.377,NoButton,Move,491,430
124.39,124.39,NoButton,Move,491,430
124.408,124.408,NoButton,Move,491,429
124.424,124.424,NoButton,Move,491,428
124.441,124.441,NoButton,Move,488,425
124.457,124.457,NoButton,Move,485,420
124.474,124.474,NoButton,Move,482,414
124.49,124.49,NoButton,Move,473,401
124.508,124.508,NoButton,Move,452,377
124.524,124.524,NoButton,Move,396,324
124.541,124.541,NoButton,Move,339,280
124.557,124.557,NoButton,Move,269,230
124.795,124.795,NoButton,Move,271,232
124.815,124.815,NoButton,Move,279,236
124.824,124.824,NoButton,Move,284,240
124.84,124.84,NoButton,Move,296,246
124.857,124.857,NoButton,Move,309,254
124.874,124.874,NoButton,Move,328,266
124.89,124.89,NoButton,Move,351,284
124.907,124.907,NoButton,Move,365,294
124.924,124.924,NoButton,Move,373,302
124.939,124.939,NoButton,Move,380,308
124.956,124.956,NoButton,Move,384,311
124.973,124.973,NoButton,Move,385,313
124.99,124.99,NoButton,Move,385,313
125.008,125.008,NoButton,Move,386,314
125.02,125.02,Left,Pressed,386,314
125.024,125.024,Left,Released,386,314
126.221,126.221,NoButton,Move,413,402
126.224,126.224,NoButton,Move,413,402
126.386,126.386,Left,Pressed,413,402
126.388,126.388,Left,Released,413,402
128.246,128.246,NoButton,Move,430,495
128.257,128.257,NoButton,Move,426,503
128.274,128.274,NoButton,Move,430,495
128.302,128.302,Left,Pressed,430,495
128.323,128.323,NoButton,Move,430,495
128.393,128.393,Left,Released,430,495
130.828,130.828,NoButton,Move,431,495
130.84,130.84,NoButton,Move,433,497
130.857,130.857,NoButton,Move,437,503
130.873,130.873,NoButton,Move,441,508
130.891,130.891,NoButton,Move,447,517
130.907,130.907,NoButton,Move,454,530
130.923,130.923,NoButton,Move,460,543
130.94,130.94,NoButton,Move,463,555
130.957,130.957,NoButton,Move,465,565
130.974,130.974,NoButton,Move,465,573
130.99,130.99,NoButton,Move,465,580
131.008,131.008,NoButton,Move,464,584
131.023,131.023,NoButton,Move,461,588
131.04,131.04,NoButton,Move,458,591
131.057,131.057,NoButton,Move,454,595
131.074,131.074,NoButton,Move,454,595
131.091,131.091,NoButton,Move,451,596
131.106,131.106,NoButton,Move,451,597
131.123,131.123,NoButton,Move,450,597
131.14,131.14,NoButton,Move,450,597
131.157,131.157,NoButton,Move,450,597
131.174,131.174,NoButton,Move,450,597
131.191,131.191,NoButton,Move,449,596
131.207,131.207,NoButton,Move,448,595
131.224,131.224,NoButton,Move,447,593
131.24,131.24,NoButton,Move,446,592
131.258,131.258,NoButton,Move,445,591
131.273,131.273,NoButton,Move,445,590
131.29,131.29,NoButton,Move,444,588
131.307,131.307,NoButton,Move,443,587
131.324,131.324,NoButton,Move,443,587
131.338,131.338,Left,Pressed,443,587
131.439,131.439,NoButton,Move,443,587
131.452,131.452,Left,Released,443,587
132.508,132.508,NoButton,Move,443,598
132.557,132.557,NoButton,Move,421,899
132.573,132.573,NoButton,Move,411,899
132.59,132.59,NoButton,Move,433,899
133.04,133.04,NoButton,Move,434,899
133.047,133.047,NoButton,Move,439,899
133.058,133.058,NoButton,Move,446,899
133.073,133.073,NoButton,Move,470,899
133.09,133.09,NoButton,Move,506,899
133.107,133.107,NoButton,Move,589,899
133.123,133.123,NoButton,Move,658,899
133.14,133.14,NoButton,Move,716,899
133.157,133.157,NoButton,Move,795,883
133.175,133.175,NoButton,Move,821,867
133.189,133.189,NoButton,Move,845,847
133.207,133.207,NoButton,Move,854,827
133.224,133.224,NoButton,Move,854,796
133.241,133.241,NoButton,Move,833,761
133.257,133.257,NoButton,Move,797,721
133.274,133.274,NoButton,Move,767,697
133.29,133.29,NoButton,Move,734,676
133.307,133.307,NoButton,Move,719,673
133.324,133.324,NoButton,Move,706,673
133.34,133.34,NoButton,Move,697,681
133.357,133.357,NoButton,Move,697,701
133.374,133.374,NoButton,Move,707,738
133.39,133.39,NoButton,Move,725,763
133.408,133.408,NoButton,Move,751,792
133.424,133.424,NoButton,Move,768,805
133.44,133.44,NoButton,Move,779,812
133.457,133.457,NoButton,Move,788,816
133.474,133.474,NoButton,Move,792,817
133.77,133.77,NoButton,Move,797,817
133.79,133.79,NoButton,Move,800,817
133.807,133.807,NoButton,Move,805,817
133.823,133.823,NoButton,Move,809,815
133.841,133.841,NoButton,Move,811,808
133.857,133.857,NoButton,Move,811,801
133.873,133.873,NoButton,Move,801,763
133.89,133.89,NoButton,Move,777,727
133.907,133.907,NoButton,Move,742,683
133.924,133.924,NoButton,Move,715,654
133.939,133.939,NoButton,Move,693,634
133.957,133.957,NoButton,Move,673,617
133.973,133.973,NoButton,Move,664,612
133.99,133.99,NoButton,Move,651,608
134.007,134.007,NoButton,Move,638,608
134.023,134.023,NoButton,Move,623,608
134.039,134.039,NoButton,Move,604,607
134.057,134.057,NoButton,Move,584,603
134.074,134.074,NoButton,Move,572,598
134.09,134.09,NoButton,Move,558,591
134.107,134.107,NoButton,Move,551,586
134.123,134.123,NoButton,Move,546,582
134.14,134.14,NoButton,Move,544,580
134.157,134.157,NoButton,Move,544,580
134.177,134.177,NoButton,Move,545,580
134.191,134.191,NoButton,Move,547,582
134.207,134.207,NoButton,Move,549,584
135.138,135.138,NoButton,Move,549,584
135.498,135.498,NoButton,Move,549,584
135.586,135.586,NoButton,Move,549,584
135.594,135.594,NoButton,Move,549,585
135.607,135.607,NoButton,Move,549,585
135.624,135.624,NoButton,Move,549,586
135.64,135.64,NoButton,Move,549,586
135.66,135.66,NoButton,Move,548,586
135.674,135.674,NoButton,Move,548,586
135.69,135.69,NoButton,Move,548,584
135.708,135.708,NoButton,Move,548,583
135.724,135.724,NoButton,Move,548,582
135.74,135.74,NoButton,Move,547,582
135.758,135.758,NoButton,Move,547,582
135.773,135.773,NoButton,Move,547,582
135.799,135.799,NoButton,Move,547,582
135.853,135.853,Left,Pressed,547,582
135.969,135.969,Left,Released,547,582
139.659,139.659,NoButton,Move,547,587
139.673,139.673,NoButton,Move,547,597
139.69,139.69,NoButton,Move,547,603
139.708,139.708,NoButton,Move,549,607
139.723,139.723,NoButton,Move,551,611
139.741,139.741,NoButton,Move,553,617
139.757,139.757,NoButton,Move,554,622
139.773,139.773,NoButton,Move,556,630
139.789,139.789,NoButton,Move,557,632
139.806,139.806,NoButton,Move,557,641
139.822,139.822,NoButton,Move,557,645
139.839,139.839,NoButton,Move,557,648
139.856,139.856,NoButton,Move,557,650
139.872,139.872,NoButton,Move,556,651
139.889,139.889,NoButton,Move,556,651
139.906,139.906,NoButton,Move,556,652
139.922,139.922,NoButton,Move,556,652
139.939,139.939,NoButton,Move,555,653
139.957,139.957,NoButton,Move,555,653
139.974,139.974,NoButton,Move,555,654
139.99,139.99,NoButton,Move,555,654
140.004,140.004,Left,Pressed,555,654
140.088,140.088,Left,Released,555,654
140.377,140.377,NoButton,Move,555,653
140.39,140.39,NoButton,Move,555,650
140.407,140.407,NoButton,Move,561,642
140.425,140.425,NoButton,Move,569,630
140.44,140.44,NoButton,Move,578,619
140.457,140.457,NoButton,Move,594,598
140.474,140.474,NoButton,Move,606,582
140.49,140.49,NoButton,Move,618,566
140.508,140.508,NoButton,Move,623,559
140.524,140.524,NoButton,Move,628,552
140.54,140.54,NoButton,Move,631,547
140.558,140.558,NoButton,Move,632,545
140.574,140.574,NoButton,Move,632,545
140.591,140.591,NoButton,Move,632,543
140.607,140.607,NoButton,Move,632,542
140.624,140.624,NoButton,Move,633,541
140.641,140.641,NoButton,Move,633,537
140.657,140.657,NoButton,Move,634,532
140.674,140.674,NoButton,Move,636,525
140.692,140.692,NoButton,Move,637,516
140.707,140.707,NoButton,Move,639,508
140.723,140.723,NoButton,Move,640,502
140.741,140.741,NoButton,Move,641,497
140.757,140.757,NoButton,Move,642,495
140.773,140.773,NoButton,Move,642,494
140.803,140.803,Left,Pressed,642,494
140.824,140.824,NoButton,Move,642,494
140.869,140.869,Left,Released,642,494
141.319,141.319,NoButton,Move,642,494
141.339,141.339,NoButton,Move,639,493
141.357,141.357,NoButton,Move,634,490
141.373,141.373,NoButton,Move,628,484
141.39,141.39,NoButton,Move,618,475
141.407,141.407,NoButton,Move,612,469
141.423,141.423,NoButton,Move,609,465
141.44,141.44,NoButton,Move,607,463
141.452,141.452,Left,Pressed,607,463
141.473,141.473,NoButton,Move,607,463
141.507,141.507,NoButton,Move,607,463
141.523,141.523,NoButton,Move,608,463
141.54,141.54,NoButton,Move,609,463
141.553,141.553,NoButton,Move,610,463
141.553,141.553,Left,Released,610,463
141.556,141.556,NoButton,Move,610,463
141.91,141.91,NoButton,Move,610,463
141.925,141.925,NoButton,Move,609,462
141.94,141.94,NoButton,Move,605,460
141.957,141.957,NoButton,Move,596,456
141.974,141.974,NoButton,Move,591,454
141.991,141.991,NoButton,Move,588,453
142.008,142.008,NoButton,Move,578,452
142.024,142.024,NoButton,Move,572,451
142.04,142.04,NoButton,Move,566,451
142.058,142.058,NoButton,Move,561,451
142.074,142.074,NoButton,Move,558,451
142.091,142.091,NoButton,Move,553,450
142.107,142.107,NoButton,Move,550,449
142.124,142.124,NoButton,Move,546,448
142.14,142.14,NoButton,Move,542,447
142.157,142.157,NoButton,Move,537,445
142.174,142.174,NoButton,Move,532,442
142.19,142.19,NoButton,Move,527,438
142.207,142.207,NoButton,Move,523,434
142.224,142.224,NoButton,Move,519,430
142.241,142.241,NoButton,Move,514,425
142.257,142.257,NoButton,Move,511,422
142.274,142.274,NoButton,Move,507,417
142.29,142.29,NoButton,Move,502,413
142.307,142.307,NoButton,Move,499,407
142.324,142.324,NoButton,Move,496,404
142.341,142.341,NoButton,Move,493,400
142.357,142.357,NoButton,Move,491,398
142.373,142.373,NoButton,Move,490,396
142.39,142.39,NoButton,Move,489,394
142.407,142.407,NoButton,Move,488,394
142.424,142.424,NoButton,Move,487,393
142.44,142.44,NoButton,Move,486,392
142.458,142.458,NoButton,Move,485,391
144.096,144.096,NoButton,Move,485,391
144.108,144.108,NoButton,Move,485,389
144.124,144.124,NoButton,Move,486,384
144.141,144.141,NoButton,Move,488,376
144.156,144.156,NoButton,Move,488,372
144.174,144.174,NoButton,Move,490,356
144.19,144.19,NoButton,Move,490,347
144.208,144.208,NoButton,Move,490,338
144.223,144.223,NoButton,Move,490,333
144.24,144.24,NoButton,Move,490,327
144.256,144.256,NoButton,Move,490,322
144.274,144.274,NoButton,Move,487,315
144.291,144.291,NoButton,Move,484,309
144.307,144.307,NoButton,Move,481,305
144.324,144.324,NoButton,Move,480,303
144.341,144.341,NoButton,Move,478,300
144.357,144.357,NoButton,Move,477,299
144.374,144.374,NoButton,Move,477,299
144.391,144.391,NoButton,Move,475,298
144.407,144.407,NoButton,Move,474,297
144.424,144.424,NoButton,Move,472,296
144.441,144.441,NoButton,Move,470,294
144.457,144.457,NoButton,Move,468,294
144.474,144.474,NoButton,Move,467,294
144.49,144.49,NoButton,Move,465,294
144.508,144.508,NoButton,Move,463,301
144.524,144.524,NoButton,Move,461,311
144.54,144.54,NoButton,Move,457,321
144.557,144.557,NoButton,Move,455,326
144.574,144.574,NoButton,Move,454,330
144.591,144.591,NoButton,Move,453,332
144.604,144.604,Left,Pressed,453,332
144.608,144.608,Left,Released,453,332
145.76,145.76,Left,Pressed,428,391
145.76,145.76,Left,Released,428,391
145.774,145.774,NoButton,Move,428,392
147.113,147.113,NoButton,Move,426,488
147.123,147.123,NoButton,Move,426,488
147.219,147.219,Left,Pressed,426,488
147.33,147.33,Left,Released,426,488
150.759,150.759,NoButton,Move,430,489
150.774,150.774,NoButton,Move,435,493
150.79,150.79,NoButton,Move,440,497
150.807,150.807,NoButton,Move,445,502
150.824,150.824,NoButton,Move,448,508
150.84,150.84,NoButton,Move,453,519
150.857,150.857,NoButton,Move,455,533
150.875,150.875,NoButton,Move,455,552
150.89,150.89,NoButton,Move,450,564
150.907,150.907,NoButton,Move,441,577
150.924,150.924,NoButton,Move,424,591
150.941,150.941,NoButton,Move,413,596
150.956,150.956,NoButton,Move,398,600
150.973,150.973,NoButton,Move,385,602
150.991,150.991,NoButton,Move,374,603
151.007,151.007,NoButton,Move,367,604
151.024,151.024,NoButton,Move,360,604
151.041,151.041,NoButton,Move,356,604
151.057,151.057,NoButton,Move,354,604
151.075,151.075,NoButton,Move,353,604
151.091,151.091,NoButton,Move,353,604
151.107,151.107,NoButton,Move,353,603
151.157,151.157,NoButton,Move,353,603
151.174,151.174,NoButton,Move,353,602
151.191,151.191,NoButton,Move,353,600
151.207,151.207,NoButton,Move,353,598
151.224,151.224,NoButton,Move,353,595
151.241,151.241,NoButton,Move,355,591
151.257,151.257,NoButton,Move,357,588
151.274,151.274,NoButton,Move,358,585
151.291,151.291,NoButton,Move,359,583
151.306,151.306,NoButton,Move,359,582
151.321,151.321,Left,Pressed,359,582
151.407,151.407,NoButton,Move,359,582
151.407,151.407,Left,Released,359,582
156.159,156.159,NoButton,Move,360,584
156.174,156.174,NoButton,Move,366,609
156.191,156.191,NoButton,Move,367,625
156.207,156.207,NoButton,Move,368,642
156.224,156.224,NoButton,Move,368,654
156.24,156.24,NoButton,Move,366,664
156.257,156.257,NoButton,Move,363,671
156.274,156.274,NoButton,Move,360,677
156.29,156.29,NoButton,Move,355,684
156.307,156.307,NoButton,Move,348,688
156.324,156.324,NoButton,Move,340,692
156.341,156.341,NoButton,Move,334,694
156.357,156.357,NoButton,Move,329,695
156.374,156.374,NoButton,Move,325,696
156.391,156.391,NoButton,Move,323,696
156.407,156.407,NoButton,Move,323,696
156.424,156.424,NoButton,Move,322,695
156.441,156.441,NoButton,Move,321,691
156.457,156.457,NoButton,Move,321,685
156.474,156.474,NoButton,Move,321,678
156.491,156.491,NoButton,Move,323,672
156.507,156.507,NoButton,Move,326,667
156.524,156.524,NoButton,Move,330,662
156.541,156.541,NoButton,Move,333,658
156.558,156.558,NoButton,Move,337,655
156.574,156.574,NoButton,Move,339,651
156.59,156.59,NoButton,Move,341,649
156.607,156.607,NoButton,Move,342,647
156.624,156.624,NoButton,Move,343,646
156.64,156.64,NoButton,Move,343,646
156.654,156.654,Left,Pressed,343,646
156.758,156.758,Left,Released,343,646
157.208,157.208,NoButton,Move,344,645
157.225,157.225,NoButton,Move,358,637
157.24,157.24,NoButton,Move,376,626
157.256,157.256,NoButton,Move,408,609
157.274,157.274,NoButton,Move,458,584
157.291,157.291,NoButton,Move,510,563
157.307,157.307,NoButton,Move,544,554
157.324,157.324,NoButton,Move,567,548
157.341,157.341,NoButton,Move,580,545
157.358,157.358,NoButton,Move,591,542
157.373,157.373,NoButton,Move,595,540
157.391,157.391,NoButton,Move,597,537
157.407,157.407,NoButton,Move,598,533
157.424,157.424,NoButton,Move,599,530
157.441,157.441,NoButton,Move,600,526
157.457,157.457,NoButton,Move,600,522
157.475,157.475,NoButton,Move,601,519
157.491,157.491,NoButton,Move,602,515
157.507,157.507,NoButton,Move,603,512
157.524,157.524,NoButton,Move,603,510
157.54,157.54,NoButton,Move,604,508
157.556,157.556,NoButton,Move,604,508
157.57,157.57,Left,Pressed,604,508
157.59,157.59,NoButton,Move,605,508
157.67,157.67,Left,Released,605,508
159.215,159.215,NoButton,Move,607,508
159.24,159.24,NoButton,Move,643,508
159.257,159.257,NoButton,Move,690,509
159.274,159.274,NoButton,Move,782,509
159.291,159.291,NoButton,Move,871,498
161.228,161.228,NoButton,Move,871,499
161.241,161.241,NoButton,Move,872,499
161.257,161.257,NoButton,Move,873,501
161.274,161.274,NoButton,Move,874,502
161.291,161.291,NoButton,Move,875,502
161.307,161.307,NoButton,Move,875,503
161.324,161.324,NoButton,Move,876,504
161.342,161.342,NoButton,Move,877,506
161.357,161.357,NoButton,Move,879,509
161.374,161.374,NoButton,Move,880,511
161.39,161.39,NoButton,Move,882,514
161.408,161.408,NoButton,Move,884,518
161.424,161.424,NoButton,Move,885,520
161.441,161.441,NoButton,Move,887,523
161.457,161.457,NoButton,Move,888,525
161.474,161.474,NoButton,Move,890,527
161.49,161.49,NoButton,Move,891,529
161.507,161.507,NoButton,Move,891,529
161.524,161.524,NoButton,Move,892,530
161.541,161.541,NoButton,Move,892,530
161.596,161.596,NoButton,Move,891,530
161.608,161.608,NoButton,Move,886,530
161.623,161.623,NoButton,Move,860,530
161.641,161.641,NoButton,Move,822,530
161.657,161.657,NoButton,Move,772,523
161.674,161.674,NoButton,Move,738,513
161.692,161.692,NoButton,Move,699,501
161.707,161.707,NoButton,Move,680,495
161.724,161.724,NoButton,Move,668,491
161.741,161.741,NoButton,Move,659,488
161.758,161.758,NoButton,Move,654,486
161.774,161.774,NoButton,Move,652,484
161.791,161.791,NoButton,Move,650,480
161.807,161.807,NoButton,Move,649,478
161.824,161.824,NoButton,Move,647,467
161.839,161.839,NoButton,Move,646,458
161.857,161.857,NoButton,Move,644,447
161.874,161.874,NoButton,Move,644,443
161.89,161.89,NoButton,Move,644,441
161.907,161.907,NoButton,Move,644,441
161.924,161.924,NoButton,Move,644,440
162.021,162.021,Left,Pressed,644,440
162.136,162.136,Left,Released,644,440
162.425,162.425,NoButton,Move,642,440
162.44,162.44,NoButton,Move,603,440
162.457,162.457,NoButton,Move,562,434
162.474,162.474,NoButton,Move,485,412
162.49,162.49,NoButton,Move,369,371
162.506,162.506,NoButton,Move,291,338
162.523,162.523,NoButton,Move,234,314
162.541,162.541,NoButton,Move,198,301
162.557,162.557,NoButton,Move,177,295
162.574,162.574,NoButton,Move,163,292
162.59,162.59,NoButton,Move,156,291
162.607,162.607,NoButton,Move,153,291
162.624,162.624,NoButton,Move,151,291
162.641,162.641,NoButton,Move,150,293
162.657,162.657,NoButton,Move,147,295
162.674,162.674,NoButton,Move,143,298
162.691,162.691,NoButton,Move,137,302
162.706,162.706,NoButton,Move,130,304
162.724,162.724,NoButton,Move,122,305
162.741,162.741,NoButton,Move,114,303
162.757,162.757,NoButton,Move,108,296
162.775,162.775,NoButton,Move,105,291
162.79,162.79,NoButton,Move,103,289
162.808,162.808,NoButton,Move,102,287
162.82,162.82,Left,Pressed,102,287
162.84,162.84,NoButton,Move,102,286
162.903,162.903,Left,Released,102,286
163.124,163.124,NoButton,Move,103,286
163.141,163.141,NoButton,Move,103,286
163.157,163.157,NoButton,Move,103,286
163.174,163.174,NoButton,Move,103,285
163.192,163.192,NoButton,Move,103,282
163.208,163.208,NoButton,Move,102,278
163.224,163.224,NoButton,Move,99,272
163.241,163.241,NoButton,Move,95,265
163.258,163.258,NoButton,Move,92,260
163.274,163.274,NoButton,Move,89,255
163.29,163.29,NoButton,Move,87,252
163.307,163.307,NoButton,Move,87,250
163.32,163.32,Left,Pressed,87,250
163.341,163.341,NoButton,Move,87,250
163.421,163.421,Left,Released,87,250
163.7,163.7,NoButton,Move,87,250
163.708,163.708,NoButton,Move,90,250
163.724,163.724,NoButton,Move,94,252
163.741,163.741,NoButton,Move,109,256
163.758,163.758,NoButton,Move,163,272
163.774,163.774,NoButton,Move,212,290
163.807,163.807,NoButton,Move,349,351
163.824,163.824,NoButton,Move,411,384
163.841,163.841,NoButton,Move,444,403
163.857,163.857,NoButton,Move,457,410
163.874,163.874,NoButton,Move,475,421
163.89,163.89,NoButton,Move,482,427
163.907,163.907,NoButton,Move,484,429
163.924,163.924,NoButton,Move,485,430
163.941,163.941,NoButton,Move,481,431
163.957,163.957,NoButton,Move,467,431
163.974,163.974,NoButton,Move,433,431
163.991,163.991,NoButton,Move,388,424
164.007,164.007,NoButton,Move,325,407
164.024,164.024,NoButton,Move,261,385
164.04,164.04,NoButton,Move,223,371
164.057,164.057,NoButton,Move,195,361
164.073,164.073,NoButton,Move,169,351
164.091,164.091,NoButton,Move,151,344
164.107,164.107,NoButton,Move,140,337
164.123,164.123,NoButton,Move,132,330
164.139,164.139,NoButton,Move,128,326
164.157,164.157,NoButton,Move,124,322
164.174,164.174,NoButton,Move,121,318
164.191,164.191,NoButton,Move,119,316
164.207,164.207,NoButton,Move,116,310
164.224,164.224,NoButton,Move,115,307
164.241,164.241,NoButton,Move,114,304
164.257,164.257,NoButton,Move,114,303
164.274,164.274,NoButton,Move,114,302
164.304,164.304,Left,Pressed,114,302
164.324,164.324,NoButton,Move,114,302
164.42,164.42,Left,Released,114,302
164.59,164.59,NoButton,Move,114,302
164.607,164.607,NoButton,Move,123,302
164.624,164.624,NoButton,Move,142,302
164.641,164.641,NoButton,Move,199,302
164.657,164.657,NoButton,Move,293,302
164.674,164.674,NoButton,Move,417,316
164.691,164.691,NoButton,Move,619,350
164.706,164.706,NoButton,Move,642,353
164.724,164.724,NoButton,Move,661,355
164.946,164.946,NoButton,Move,661,353
164.957,164.957,NoButton,Move,661,351
164.974,164.974,NoButton,Move,662,344
164.991,164.991,NoButton,Move,664,336
165.008,165.008,NoButton,Move,665,326
165.024,165.024,NoButton,Move,666,318
165.041,165.041,NoButton,Move,666,312
165.057,165.057,NoButton,Move,666,309
165.071,165.071,Left,Pressed,666,309
165.09,165.09,NoButton,Move,666,309
165.204,165.204,Left,Released,666,309
165.56,165.56,NoButton,Move,667,310
165.574,165.574,NoButton,Move,669,314
165.591,165.591,NoButton,Move,674,325
165.608,165.608,NoButton,Move,699,370
165.624,165.624,NoButton,Move,721,416
165.641,165.641,NoButton,Move,743,471
165.657,165.657,NoButton,Move,764,535
165.674,165.674,NoButton,Move,780,607
165.873,165.873,NoButton,Move,780,605
165.89,165.89,NoButton,Move,780,594
165.907,165.907,NoButton,Move,780,578
165.924,165.924,NoButton,Move,781,556
165.939,165.939,NoButton,Move,781,531
165.956,165.956,NoButton,Move,781,513
165.974,165.974,NoButton,Move,781,493
165.99,165.99,NoButton,Move,781,479
166.006,166.006,NoButton,Move,781,469
166.023,166.023,NoButton,Move,782,460
166.04,166.04,NoButton,Move,782,451
166.057,166.057,NoButton,Move,782,439
166.073,166.073,NoButton,Move,782,428
166.09,166.09,NoButton,Move,782,415
166.106,166.106,NoButton,Move,779,398
166.124,166.124,NoButton,Move,776,377
166.141,166.141,NoButton,Move,774,364
166.157,166.157,NoButton,Move,774,357
166.174,166.174,NoButton,Move,774,351
166.189,166.189,NoButton,Move,774,348
166.207,166.207,NoButton,Move,774,347
166.224,166.224,NoButton,Move,774,346
166.291,166.291,NoButton,Move,774,347
166.307,166.307,NoButton,Move,774,351
166.324,166.324,NoButton,Move,773,357
166.34,166.34,NoButton,Move,773,361
166.356,166.356,NoButton,Move,772,367
166.373,166.373,NoButton,Move,771,370
166.391,166.391,NoButton,Move,770,373
166.408,166.408,NoButton,Move,770,374
166.424,166.424,NoButton,Move,770,374
166.438,166.438,Left,Pressed,770,374
166.458,166.458,NoButton,Move,770,374
166.521,166.521,Left,Released,770,374
166.658,166.658,NoButton,Move,770,374
166.674,166.674,NoButton,Move,770,376
166.69,166.69,NoButton,Move,770,380
166.707,166.707,NoButton,Move,769,384
166.725,166.725,NoButton,Move,768,388
166.739,166.739,NoButton,Move,767,393
166.757,166.757,NoButton,Move,766,397
166.774,166.774,NoButton,Move,764,401
166.791,166.791,NoButton,Move,764,403
166.807,166.807,NoButton,Move,763,406
166.824,166.824,NoButton,Move,762,407
166.841,166.841,NoButton,Move,762,407
166.857,166.857,NoButton,Move,761,403
166.875,166.875,NoButton,Move,761,399
166.891,166.891,NoButton,Move,759,395
166.907,166.907,NoButton,Move,756,392
166.924,166.924,NoButton,Move,752,392
166.941,166.941,NoButton,Move,745,400
166.957,166.957,NoButton,Move,734,428
166.974,166.974,NoButton,Move,727,470
166.991,166.991,NoButton,Move,723,523
167.008,167.008,NoButton,Move,722,590
167.023,167.023,NoButton,Move,722,612
167.041,167.041,NoButton,Move,724,649
167.057,167.057,NoButton,Move,734,677
167.074,167.074,NoButton,Move,743,693
167.09,167.09,NoButton,Move,752,703
167.107,167.107,NoButton,Move,759,707
167.124,167.124,NoButton,Move,765,711
167.141,167.141,NoButton,Move,768,712
167.158,167.158,NoButton,Move,770,712
167.174,167.174,NoButton,Move,770,712
167.191,167.191,NoButton,Move,770,712
167.205,167.205,Left,Pressed,770,712
167.303,167.303,Left,Released,770,712
167.391,167.391,NoButton,Move,770,712
167.408,167.408,NoButton,Move,770,710
167.425,167.425,NoButton,Move,770,706
167.441,167.441,NoButton,Move,770,695
167.458,167.458,NoButton,Move,770,683
167.475,167.475,NoButton,Move,770,673
167.491,167.491,NoButton,Move,770,663
167.508,167.508,NoButton,Move,770,660
167.524,167.524,NoButton,Move,770,659
167.541,167.541,NoButton,Move,770,658
167.571,167.571,Left,Pressed,770,658
167.655,167.655,Left,Released,770,658
167.658,167.658,NoButton,Move,771,629
167.674,167.674,NoButton,Move,778,596
167.691,167.691,NoButton,Move,789,556
167.707,167.707,NoButton,Move,802,514
167.724,167.724,NoButton,Move,812,486
167.739,167.739,NoButton,Move,822,453
167.756,167.756,NoButton,Move,827,433
167.774,167.774,NoButton,Move,833,416
167.791,167.791,NoButton,Move,834,408
167.806,167.806,NoButton,Move,834,405
167.824,167.824,NoButton,Move,834,401
167.84,167.84,NoButton,Move,834,400
167.89,167.89,NoButton,Move,834,399
167.906,167.906,NoButton,Move,830,393
167.924,167.924,NoButton,Move,827,382
167.941,167.941,NoButton,Move,822,362
167.958,167.958,NoButton,Move,819,348
167.975,167.975,NoButton,Move,818,340
167.99,167.99,NoButton,Move,818,337
168.007,168.007,NoButton,Move,818,335
168.024,168.024,NoButton,Move,818,335
168.048,168.048,NoButton,Move,818,335
168.063,168.063,NoButton,Move,818,335
168.106,168.106,NoButton,Move,819,335
168.123,168.123,NoButton,Move,819,335
168.139,168.139,NoButton,Move,820,336
168.156,168.156,NoButton,Move,820,336
168.171,168.171,Left,Pressed,820,336
168.191,168.191,NoButton,Move,821,337
168.27,168.27,Left,Released,821,337
168.311,168.311,NoButton,Move,821,337
168.324,168.324,NoButton,Move,821,338
168.341,168.341,NoButton,Move,821,351
168.357,168.357,NoButton,Move,821,378
168.374,168.374,NoButton,Move,823,420
168.391,168.391,NoButton,Move,824,475
168.408,168.408,NoButton,Move,824,560
168.424,168.424,NoButton,Move,824,571
168.441,168.441,NoButton,Move,817,620
168.458,168.458,NoButton,Move,811,641
168.473,168.473,NoButton,Move,804,659
168.489,168.489,NoButton,Move,800,666
168.507,168.507,NoButton,Move,798,667
168.524,168.524,NoButton,Move,798,668
168.541,168.541,NoButton,Move,797,668
168.591,168.591,NoButton,Move,797,669
168.606,168.606,NoButton,Move,796,673
168.624,168.624,NoButton,Move,794,677
168.641,168.641,NoButton,Move,793,680
168.657,168.657,NoButton,Move,792,682
168.673,168.673,NoButton,Move,792,683
168.69,168.69,NoButton,Move,791,683
168.724,168.724,NoButton,Move,791,683
168.741,168.741,NoButton,Move,791,680
168.757,168.757,NoButton,Move,791,677
168.774,168.774,NoButton,Move,791,674
168.791,168.791,NoButton,Move,791,672
168.807,168.807,NoButton,Move,791,672
168.823,168.823,NoButton,Move,791,671
168.836,168.836,Left,Pressed,791,671
168.857,168.857,NoButton,Move,791,671
168.903,168.903,Left,Released,791,671
169.041,169.041,NoButton,Move,791,670
169.057,169.057,NoButton,Move,791,653
169.073,169.073,NoButton,Move,791,627
169.091,169.091,NoButton,Move,797,561
169.108,169.108,NoButton,Move,798,510
169.125,169.125,NoButton,Move,800,463
169.14,169.14,NoButton,Move,802,416
169.158,169.158,NoButton,Move,802,395
169.173,169.173,NoButton,Move,802,376
169.191,169.191,NoButton,Move,799,365
169.208,169.208,NoButton,Move,788,356
169.224,169.224,NoButton,Move,774,354
169.241,169.241,NoButton,Move,760,354
169.258,169.258,NoButton,Move,744,354
169.274,169.274,NoButton,Move,737,354
169.291,169.291,NoButton,Move,731,355
169.307,169.307,NoButton,Move,728,356
169.324,169.324,NoButton,Move,727,357
169.339,169.339,NoButton,Move,727,357
169.356,169.356,NoButton,Move,727,357
169.374,169.374,NoButton,Move,727,357
169.391,169.391,NoButton,Move,726,357
169.404,169.404,Left,Pressed,726,357
169.47,169.47,Left,Released,726,357
169.67,169.67,NoButton,Move,727,357
169.678,169.678,NoButton,Move,729,359
169.691,169.691,NoButton,Move,731,361
169.708,169.708,NoButton,Move,738,368
169.724,169.724,NoButton,Move,751,381
169.741,169.741,NoButton,Move,765,399
169.758,169.758,NoButton,Move,779,422
169.774,169.774,NoButton,Move,789,447
169.791,169.791,NoButton,Move,795,475
169.808,169.808,NoButton,Move,798,488
169.825,169.825,NoButton,Move,799,541
169.841,169.841,NoButton,Move,798,553
169.858,169.858,NoButton,Move,789,579
169.874,169.874,NoButton,Move,783,592
169.89,169.89,NoButton,Move,780,598
169.908,169.908,NoButton,Move,776,604
169.924,169.924,NoButton,Move,773,609
169.941,169.941,NoButton,Move,770,614
169.958,169.958,NoButton,Move,769,620
169.974,169.974,NoButton,Move,767,627
169.991,169.991,NoButton,Move,765,633
170.009,170.009,NoButton,Move,764,638
170.024,170.024,NoButton,Move,763,642
170.039,170.039,NoButton,Move,762,645
170.056,170.056,NoButton,Move,761,647
170.074,170.074,NoButton,Move,761,648
170.104,170.104,Left,Pressed,761,648
170.124,170.124,NoButton,Move,761,648
170.22,170.22,Left,Released,761,648
170.456,170.456,NoButton,Move,760,648
170.465,170.465,NoButton,Move,753,646
170.475,170.475,NoButton,Move,742,641
170.49,170.49,NoButton,Move,647,599
170.508,170.508,NoButton,Move,493,527
170.525,170.525,NoButton,Move,306,434
170.542,170.542,NoButton,Move,192,377
170.557,170.557,NoButton,Move,151,357
170.574,170.574,NoButton,Move,132,350
170.591,170.591,NoButton,Move,104,340
170.837,170.837,Left,Pressed,104,340
170.937,170.937,Left,Released,104,340
170.991,170.991,NoButton,Move,104,342
171.008,171.008,NoButton,Move,104,344
171.025,171.025,NoButton,Move,104,348
171.041,171.041,NoButton,Move,104,353
171.057,171.057,NoButton,Move,104,356
171.073,171.073,NoButton,Move,104,359
171.091,171.091,NoButton,Move,104,362
171.108,171.108,NoButton,Move,104,365
171.124,171.124,NoButton,Move,104,366
171.139,171.139,NoButton,Move,104,367
171.156,171.156,NoButton,Move,104,367
171.204,171.204,Left,Pressed,104,367
171.304,171.304,Left,Released,104,367
171.357,171.357,NoButton,Move,104,366
171.374,171.374,NoButton,Move,104,359
171.391,171.391,NoButton,Move,104,343
171.406,171.406,NoButton,Move,104,319
171.424,171.424,NoButton,Move,104,290
171.44,171.44,NoButton,Move,104,275
171.457,171.457,NoButton,Move,104,264
171.474,171.474,NoButton,Move,104,254
171.49,171.49,NoButton,Move,104,251
171.507,171.507,NoButton,Move,104,250
171.554,171.554,Left,Pressed,104,250
171.653,171.653,Left,Released,104,250
171.881,171.881,NoButton,Move,104,250
171.891,171.891,NoButton,Move,108,250
171.908,171.908,NoButton,Move,121,250
171.924,171.924,NoButton,Move,141,250
171.942,171.942,NoButton,Move,213,255
171.957,171.957,NoButton,Move,345,284
171.975,171.975,NoButton,Move,492,324
171.991,171.991,NoButton,Move,665,375
172.008,172.008,NoButton,Move,770,400
172.023,172.023,NoButton,Move,806,409
173.331,173.331,NoButton,Move,806,409
173.34,173.34,NoButton,Move,808,409
173.357,173.357,NoButton,Move,815,409
173.375,173.375,NoButton,Move,825,409
173.392,173.392,NoButton,Move,860,409
173.408,173.408,NoButton,Move,880,406
173.424,173.424,NoButton,Move,955,398
173.441,173.441,NoButton,Move,995,395
173.458,173.458,NoButton,Move,1026,394
173.474,173.474,NoButton,Move,1042,394
173.675,173.675,NoButton,Move,1041,394
173.691,173.691,NoButton,Move,1028,394
173.709,173.709,NoButton,Move,988,401
173.723,173.723,NoButton,Move,896,417
173.741,173.741,NoButton,Move,780,427
173.758,173.758,NoButton,Move,645,427
173.773,173.773,NoButton,Move,560,424
173.79,173.79,NoButton,Move,505,418
173.808,173.808,NoButton,Move,474,415
173.824,173.824,NoButton,Move,469,414
173.84,173.84,NoButton,Move,454,412
174.224,174.224,NoButton,Move,454,407
174.241,174.241,NoButton,Move,454,403
174.257,174.257,NoButton,Move,455,400
174.274,174.274,NoButton,Move,457,397
174.291,174.291,NoButton,Move,459,391
174.308,174.308,NoButton,Move,460,387
174.324,174.324,NoButton,Move,462,382
174.34,174.34,NoButton,Move,463,379
174.357,174.357,NoButton,Move,464,376
174.374,174.374,NoButton,Move,464,375
174.391,174.391,NoButton,Move,464,375
174.408,174.408,NoButton,Move,464,375
174.624,174.624,NoButton,Move,464,375
174.674,174.674,NoButton,Move,464,375
174.706,174.706,NoButton,Move,464,375
174.764,174.764,NoButton,Move,464,375
174.774,174.774,NoButton,Move,464,374
174.823,174.823,NoButton,Move,463,374
174.878,174.878,NoButton,Move,463,374
174.984,174.984,NoButton,Move,463,374
175,175,NoButton,Move,463,374
175.017,175.017,NoButton,Move,463,375
175.403,175.403,NoButton,Move,463,375
175.492,175.492,NoButton,Move,463,375
175.507,175.507,NoButton,Move,463,375
175.679,175.679,NoButton,Move,463,375
175.691,175.691,NoButton,Move,464,375
175.707,175.707,NoButton,Move,467,376
175.724,175.724,NoButton,Move,471,380
175.741,175.741,NoButton,Move,482,388
175.758,175.758,NoButton,Move,500,401
175.773,175.773,NoButton,Move,521,414
175.807,175.807,NoButton,Move,609,451
175.824,175.824,NoButton,Move,644,458
175.84,175.84,NoButton,Move,665,458
175.857,175.857,NoButton,Move,685,457
175.874,175.874,NoButton,Move,699,451
175.891,175.891,NoButton,Move,707,443
175.907,175.907,NoButton,Move,713,434
175.926,175.926,NoButton,Move,718,417
175.941,175.941,NoButton,Move,719,399
175.958,175.958,NoButton,Move,719,377
175.975,175.975,NoButton,Move,713,354
175.991,175.991,NoButton,Move,712,351
176.008,176.008,NoButton,Move,708,339
176.023,176.023,NoButton,Move,707,336
176.041,176.041,NoButton,Move,707,335
176.058,176.058,NoButton,Move,706,335
176.074,176.074,NoButton,Move,706,335
176.124,176.124,NoButton,Move,706,335
176.663,176.663,NoButton,Move,705,335
177.778,177.778,NoButton,Move,706,335
177.791,177.791,NoButton,Move,708,335
177.808,177.808,NoButton,Move,714,338
177.824,177.824,NoButton,Move,721,341
177.842,177.842,NoButton,Move,733,349
177.858,177.858,NoButton,Move,737,353
177.874,177.874,NoButton,Move,751,363
177.891,177.891,NoButton,Move,770,379
177.907,177.907,NoButton,Move,784,392
177.924,177.924,NoButton,Move,799,408
177.941,177.941,NoButton,Move,813,427
177.958,177.958,NoButton,Move,820,443
177.974,177.974,NoButton,Move,825,461
177.991,177.991,NoButton,Move,826,486
178.007,178.007,NoButton,Move,809,517
178.024,178.024,NoButton,Move,773,549
178.042,178.042,NoButton,Move,695,594
178.058,178.058,NoButton,Move,604,620
178.075,178.075,NoButton,Move,502,629
178.09,178.09,NoButton,Move,444,629
178.107,178.107,NoButton,Move,431,625
178.124,178.124,NoButton,Move,396,613
178.14,178.14,NoButton,Move,379,606
178.158,178.158,NoButton,Move,374,602
178.338,178.338,Left,Pressed,374,602
178.437,178.437,NoButton,Move,374,602
178.453,178.453,NoButton,Move,377,602
181.817,181.817,NoButton,Move,889,402
181.824,181.824,NoButton,Move,893,402
181.841,181.841,NoButton,Move,916,404
181.858,181.858,NoButton,Move,949,416
181.875,181.875,NoButton,Move,992,436
181.891,181.891,NoButton,Move,1023,452
181.907,181.907,NoButton,Move,1034,459
181.924,181.924,NoButton,Move,1049,469
181.941,181.941,NoButton,Move,1057,477
181.958,181.958,NoButton,Move,1058,488
181.975,181.975,NoButton,Move,1037,506
181.992,181.992,NoButton,Move,964,554
182.008,182.008,NoButton,Move,805,615
182.025,182.025,NoButton,Move,678,638
182.041,182.041,NoButton,Move,570,644
182.058,182.058,NoButton,Move,496,644
182.074,182.074,NoButton,Move,450,636
182.09,182.09,NoButton,Move,425,630
182.107,182.107,NoButton,Move,406,623
182.124,182.124,NoButton,Move,401,620
182.141,182.141,NoButton,Move,398,618
182.157,182.157,NoButton,Move,397,616
182.174,182.174,NoButton,Move,395,614
182.191,182.191,NoButton,Move,393,612
182.207,182.207,NoButton,Move,390,610
182.224,182.224,NoButton,Move,388,608
182.241,182.241,NoButton,Move,385,606
182.271,182.271,Left,Pressed,385,606
182.29,182.29,NoButton,Move,385,605
182.354,182.354,NoButton,Move,385,605
182.37,182.37,NoButton,Move,389,604
183.47,183.47,NoButton,Move,1236,402
183.49,183.49,NoButton,Move,1226,411
183.507,183.507,NoButton,Move,1212,423
183.525,183.525,NoButton,Move,1191,435
183.541,183.541,NoButton,Move,1075,482
183.557,183.557,NoButton,Move,1022,497
183.573,183.573,NoButton,Move,772,561
183.591,183.591,NoButton,Move,655,589
183.607,183.607,NoButton,Move,515,622
183.625,183.625,NoButton,Move,446,636
183.641,183.641,NoButton,Move,422,639
183.657,183.657,NoButton,Move,401,641
183.673,183.673,NoButton,Move,387,643
183.691,183.691,NoButton,Move,383,644
183.708,183.708,NoButton,Move,382,644
184.468,184.468,NoButton,Move,382,644
184.491,184.491,NoButton,Move,382,643
184.507,184.507,NoButton,Move,383,642
184.523,184.523,NoButton,Move,383,642
184.541,184.541,NoButton,Move,387,637
184.558,184.558,NoButton,Move,390,635
184.574,184.574,NoButton,Move,393,632
184.591,184.591,NoButton,Move,397,630
184.607,184.607,NoButton,Move,400,628
184.624,184.624,NoButton,Move,403,627
184.642,184.642,NoButton,Move,404,627
184.657,184.657,NoButton,Move,406,627
184.674,184.674,NoButton,Move,408,627
184.692,184.692,NoButton,Move,411,631
185.455,185.455,Scroll,Down,0,1
185.474,185.474,Scroll,Down,0,1
185.491,185.491,Scroll,Down,0,2
185.508,185.508,Scroll,Down,0,3
185.524,185.524,Scroll,Down,0,3
185.541,185.541,Scroll,Down,0,2
185.557,185.557,Scroll,Down,0,2
185.574,185.574,Scroll,Down,0,1
185.591,185.591,Scroll,Down,0,1
185.608,185.608,Scroll,Down,0,1
185.623,185.623,Scroll,Up,0,0
186.124,186.124,Scroll,Up,0,0
186.346,186.346,Scroll,Down,0,2
186.358,186.358,Scroll,Down,0,13
186.374,186.374,Scroll,Down,0,27
186.391,186.391,Scroll,Down,0,39
186.408,186.408,Scroll,Down,0,56
186.408,186.408,Scroll,Down,0,87
186.441,186.441,Scroll,Down,0,190
186.457,186.457,Scroll,Down,0,93
186.474,186.474,Scroll,Down,0,88
186.507,186.507,Scroll,Down,0,85
186.53,186.53,Scroll,Down,0,85
186.547,186.547,NoButton,Move,411,640
186.58,186.58,NoButton,Move,401,673
186.597,186.597,NoButton,Move,387,695
186.613,186.613,NoButton,Move,347,736
186.63,186.63,NoButton,Move,282,784
186.647,186.647,NoButton,Move,201,824
186.663,186.663,NoButton,Move,128,850
186.679,186.679,NoButton,Move,87,859
186.696,186.696,NoButton,Move,56,863
186.712,186.712,NoButton,Move,38,865
186.73,186.73,NoButton,Move,26,865
186.747,186.747,NoButton,Move,21,865
186.763,186.763,NoButton,Move,20,865
186.78,186.78,NoButton,Move,20,865
186.829,186.829,NoButton,Move,21,867
186.847,186.847,NoButton,Move,23,867
186.864,186.864,NoButton,Move,25,868
186.891,186.891,NoButton,Move,29,868
186.924,186.924,NoButton,Move,36,859
186.941,186.941,NoButton,Move,42,851
186.947,186.947,NoButton,Move,45,847
186.963,186.963,NoButton,Move,52,841
186.981,186.981,NoButton,Move,56,837
186.997,186.997,NoButton,Move,60,834
187.014,187.014,NoButton,Move,62,833
187.031,187.031,NoButton,Move,63,833
187.041,187.041,NoButton,Move,63,833
187.058,187.058,NoButton,Move,64,833
187.205,187.205,Left,Pressed,64,833
187.287,187.287,Left,Released,64,833
