type_of_action,traveled_distance_pixel,elapsed_time,direction_of_movement,straightness,num_points,sum_of_angles,mean_curv,sd_curv,max_curv,min_curv,mean_omega,sd_omega,max_omega,min_omega,largest_deviation,dist_end_to_end_line,num_critical_points,mean_vx,sd_vx,max_vx,min_vx,mean_vy,sd_vy,max_vy,min_vy,mean_v,sd_v,max_v,min_v,mean_a,sd_a,max_a,min_a,mean_jerk,sd_jerk,max_jerk,min_jerk,a_beg_time,userid
4,4363.865218518699,5.560262203216553,6,0.23098640830577788,285,-156.47829942228543,16091794.48299111,191172761.09781495,2356194490.1923447,-2.538790250376209,61.762816772335064,1105.9701628354355,18664.015061363007,-149.58218767015367,581.1466390922131,1007.9935531561429,39,-309.8970941537584,2015.9501983490898,5796.730748880031,-8366.407013149656,81.69349305644481,7171.07438578583,115523.4447592068,-9507.67871882606,2340.3307895417915,7079.118933878197,115523.4447592068,0.0,4756455.605217144,81329038.04958992,1372635825.629802,-27744403.885219723,56232184881.11586,966370360808.6577,16309495563689.465,-343406244046.75946,0.0041620731353759766,user1
4,1696.343849771228,5.408746004104614,3,0.32097476952945125,70,68.45972413499128,0.010157978681350488,0.48086619330768704,3.40782931914825,-1.5779053646347165,3.1138011244753323,9.496331095543548,25.56304763847581,-47.13595183111272,407.85051712169815,544.4835762230219,8,181.36131251899485,3805.673856847818,15156.04507221076,-10463.608627979984,969.1263440694895,1579.6345200502653,6981.333497643181,-1328.9179458414478,3092.100982037899,2896.4474852753237,15156.04507221076,0.0,54144.85891909641,359514.398786842,2093730.2034318987,-663825.8408207067,5447501.757936624,72162339.4132517,385391292.2967147,-159408846.10801166,0.02467203140258789,user1
4,803.8012171827069,2.480051040649414,6,0.5434420432011456,101,-78.45730077626345,15707963.101990536,156292261.15809414,1570796326.7948964,-13.40412865531645,-13.47910533207146,135.19084508259326,174.28239337251387,-1305.5719977308456,192.69741412965098,436.819375793338,21,-3360.333710892692,23916.152502248904,1427.2636147277055,-230316.7081339713,-8124.2554397949225,59970.30500738163,1529.5474697860789,-565365.5885167464,9303.545217952988,64491.54400901184,610478.5292903887,0.0,93918013.1018759,783661529.5882651,7689083102.1339245,-82832185.45937201,1315905538956.3228,11870250140319.047,118601273676641.98,-1061851375563.1686,0.0257418155670166,user1
4,792.8326953539483,2.0901753902435303,5,0.4314087557871039,127,-69.46261471626254,32360202.692260236,254804563.81822777,2040224218.2393644,-6.750710867150386,-211.75343646351462,2333.89417447081,1084.9276650836255,-26249.449691589693,210.1831585470358,342.03496664998283,27,-3521.3853283248404,33183.9049610544,748.6780805401495,-373693.30268199235,-559.4445400525987,3406.3209903085644,2020.1009459113984,-29943.172413793105,4116.5275342731,33294.77293865833,374891.02155636816,0.0,50553070.42311494,533260501.3024339,6003812637.893881,-69991187.28131613,797671653646.1503,8567478951068.528,96483262793072.03,-1140858919800.6104,0.03752613067626953,user1
4,1348.8469031678885,2.2325229644775355,3,0.3558760281451872,89,12.777982288192725,-71399832.63460608,468200015.8410925,26.8082573106329,-3141592653.5897927,31.861846227738287,193.27349201298338,1795.9253281645067,-44.311258514916766,206.69343833497604,480.02227847532413,14,4043.7233090284603,42986.940548167935,346196.82840236684,-104278.61654135339,8390.225762654389,54006.2750249388,461563.4556213018,-47406.83709273183,14191.710670390537,68190.15863419931,576968.8618642563,0.0,151301436.31684437,927028535.3493806,7748271454.848214,-94737793.97852655,1922860662879.098,11783823686237.574,93075595860412.38,-1306743666655.7158,0.04011678695678356,user1
4,718.8354358833968,2.1236181259155273,7,0.57188282627068,120,-74.11112537838606,-26399938.349763036,286776734.3511731,3.0755561452984326,-3141592653.5897927,32.76309243334763,382.93275007509055,3373.0689839441548,-1855.14971342272,157.44005100533397,411.08964069651313,35,1464.44862380107,13417.381433854183,129154.72340425532,-14662.492753623188,-9369.104151431904,65294.844543589716,7408.94117565881,-673197.8702729302,11425.62390324373,66353.76921702971,673197.8702729302,0.0,153739717.97319236,950541667.6201595,9615076124.267797,-124482512.65654464,2219474453976.9614,13626115414997.336,137640288047943.38,-1814375738356.0432,0.023714065551757812,user1
4,2192.279289546003,14.246509075164795,5,0.14954276137028524,205,25.56795032151667,-15399963.80695053,154767722.66903618,13.40412865531645,-1570796326.7948964,80.3858270330699,1037.3654945631242,10765.355092845683,-2988.331940949502,459.16344359112304,327.83949865359637,54,-4435.7472657320195,38225.50016485175,37519.85498489426,-399860.6222222222,1481.870338867187,29490.813239970616,363871.5223880597,-114323.91111111111,9176.041176806048,47629.49706049951,415882.7645571333,0.0,84549957.72878106,662940565.9183875,6762449208.79955,-1664540443.9874766,355401489811.9661,18812083525412.277,112290720368923.94,-222297839048070.66,0.0023679733276367188,user1
4,50.09394615180627,0.4715588092803955,5,0.35746999199736673,45,28.681561945978054,71399832.92341746,327195139.5198782,1570796326.7948964,-12.971737408370759,-381.3312254463513,2607.3575724204024,286.8636442139218,-17475.854951355814,22.270494950602814,17.907082530002707,17,-581.2338973429543,3298.6082855385334,0.0,-22157.409523809525,668.88772351244,4414.218075677713,29491.2,-1347.2254641909815,1056.0638729644827,5480.521012400983,36887.41891547584,0.0,15838172.613746963,101898235.37947594,683835043.6297426,-5628758.229379125,310255634228.04987,2024519114627.5303,13584481990147.496,-105846081109.50998,0.0137627124786448,user1
4,1681.3565766440688,3.093787908554077,2,0.40226142030151546,103,-24.55676416367892,20578504.030205235,206811406.38636583,2099007415.2422683,-2.889829960235136,-2.6699884646703063,33.4545509330989,273.9968485457419,-126.30064171802931,326.58926765654365,676.3448845541369,20,1445.5752172450143,7372.910924274009,71991.94701986756,-3053.8031715674556,1277.2991801397202,11949.596232739532,117020.82119205299,-16266.971428571429,3569.0023845671108,13716.27021117748,137392.55084673935,0.0,18746591.9114071,187212978.91148153,1899887777.1405854,-18648495.563247956,256681486020.86044,2600143145198.2993,26386436979117.83,-262748134354.6914,0.03973197937011719,user1
4,657.8978109330961,1.107961893081665,6,0.5217047917463707,93,-157.9904401519059,17073873.09762378,162874368.86852235,1570796326.7948964,-4.944984493179606,10.758681932396241,47.68843768519913,388.3294422174432,-95.25760969089616,120.21549231980926,343.2284404432441,23,652.3830263914745,9882.076695838741,94018.11920529802,-5602.063990601136,-258.9088290882462,294.06344974178234,45.77712120238937,-1399.578161455903,1906.5205210386216,9726.239254340568,94018.11920529802,0.0,13887625.507381475,134221813.4498935,1294169804.229294,-17107197.05630063,192741732102.59894,1864261192408.8042,17975008367835.707,-245016900770.71213,0.05767822265625,user1
4,1261.6176736130537,2.528347969055176,5,0.2665522737126352,109,26.556884909899015,-58177641.753189616,423539624.9137294,11.655764048101261,-3141592653.5897927,2.634813015709666,38.468985958785694,234.36788838018396,-118.06846261589996,441.12553451332263,336.28705945760476,33,-89.56563661559036,4607.320161755812,44398.96245733788,-14112.950495049505,417.80089616862864,13875.518916975068,124305.91126279863,-70402.53465346535,3335.194849403837,14241.365074910002,131997.07361211788,0.0,26187481.308331374,202888056.9132821,1884976267.4038079,-27272256.02268056,370426775130.84973,2884440419321.347,26983677676007.52,-408419983236.6745,0.01549601554871316,user1
4,960.3394754914209,3.288203001022339,3,0.7177607370713965,105,125.22343794608952,-25461518.081888672,258406186.54576075,12.003697303268464,-2647997885.0838065,10.173551196833408,85.22041534191209,663.1053161422042,-336.36187930170485,219.27280804065563,689.2939697674806,20,2630.3548885656023,15675.864696753795,114366.74509803922,-2089.124497991968,9081.19670655981,53467.34928191929,400390.6928104575,-272.46894277510876,9786.98104712449,55660.5073249602,416404.2017962331,0.0,129197749.2182222,846056900.0027666,6475529312.975862,-60653760.0243705,2047625479713.176,13873791140958.22,118524639757528.84,-1039933950679.6587,0.03275489807128906,user1
4,933.2272645252668,2.9237401485443115,8,0.2970113897759377,100,-42.95438826075586,15866629.59091162,157071619.02304038,1570796326.7948964,-1.27232843416268,5.802378820439041,44.53744096209282,400.43433411665427,-99.51087724645602,245.9648815704278,277.17912681344615,17,1306.294540380262,9483.46656011933,92312.83582089552,-3935.491862269321,-574.403838860534,2700.1100772001682,4600.84630738523,-25187.34328358209,2387.7207917376068,9672.738342523715,95687.31326033048,0.0,13877721.542551814,150008145.04095343,1493821197.6234238,-123623620.91543053,210317604761.4782,2354550730325.343,23379314218551.715,-2575571477667.726,0.03188514709472656,user1
4,2035.2938530232918,5.119411945343018,1,0.1873451258694928,157,82.14030489770772,-0.12032330930195624,0.7838311755368357,0.04158681316415189,-6.8156586382965,-10.530088549067942,21.57002773963578,32.53898070172461,-205.3355767830562,421.21371741648585,381.3023830760536,44,94.23354406253257,5050.245614664203,27323.10656231186,-52610.21453287197,-253.41851631654106,2460.7400563604506,6788.226291272375,-23956.33731451321,2228.7173377418626,5163.927025733355,52610.21453287197,0.0,5210369.7291587535,60816283.911129095,760800054.11768,-11427594.49816145,70234036635.45058,881386134913.105,11041861040594.717,-172056176122.17892,0.03260684013366699,user1
4,5567.366153046604,18.682904958724976,8,0.09131729884930646,355,122.35396676852875,5398710.055965503,72554963.7497248,1109873506.6910222,-10.053096491487338,1.5903127672685595,83.98476647781594,862.9100686327179,-1104.5811724440273,359.2596494569647,508.39683880127046,45,5606.075063121513,62390.15757442777,987976.2051282051,-71470.76160990712,-2415.031406607616,41745.67707814082,442824.52012383903,-510004.5128205128,10100.58447463923,74635.59448716992,1111846.0257593305,0.0,89084570.3263972,985914801.8122549,16625068486.97484,-163355482.11186028,1534959664453.3997,22370453504103.79,406759635272617.3,-26730632564718.12,0.0735468864440918,user1
4,2451.1026646735495,6.583960771560683,4,0.265623809048035,124,131.28636041249197,-51082807.326934785,397330994.47568387,5.122596938337497,-3141592653.5897927,9.404473308786491,26.09743075474317,190.66683982308598,-126.52962006262996,554.2972980295511,651.0712261583767,24,-546.4184093497926,2077.457611410235,4708.9486282153475,-6407.762037125787,403.2315814094642,2373.7732298557257,7519.034156949496,-5956.914255979104,2482.262240937456,2061.5946322020955,8796.755093838407,0.0,14199.068507476162,232599.8832244391,1534961.0390577966,-714993.6197793807,2404775.3826146936,57845738.88100514,376646639.4898881,-277102815.8445159,0.01627802848815918,user1
4,726.6833345530788,0.6325361728667929,2,0.5538147530404933,65,107.16533043686383,-49087385.18605047,389619041.3501597,1.872956221374473,-3141592653.5897927,12.507370209935498,72.54182290997304,530.1447126370819,-158.79136399948672,195.458539743671,402.44795146415555,17,12226.76983253898,63266.17700753904,452317.7975708502,-2272.78869536085,543.1112589553954,866.2048763930259,2266.4114688435698,-2726.339144086765,13138.970573941438,63091.32893410741,452317.7975708502,0.0,152123878.19425812,979225801.9953018,7659686740.723188,-134901432.73249993,2326658255060.04,16321211642177.834,130271515323028.66,-2367504696512.186,0.02737116813659668,user1
1,780.0771659757444,0.2952079772949219,1,0.3403866069463662,37,0.5035729044384176,-0.006363819252173015,0.01919761329970968,0.08447980244947342,-0.06018954761876591,-15.548924208109193,32.33282044151523,127.50914102305288,-83.27001340947957,272.3751343795864,265.52781968282096,5,941.4678940726485,2049.76379298035,6527.288812417106,-1285.377466581795,-144.85069224902225,2305.285264694692,4895.76026095996,-6891.99097483367,2718.220453311722,1741.9795763567647,8159.287209891575,567.101059010965,7059.250327773045,247452.34948737174,557468.6142378971,-616952.0199235975,-508996.4702043544,54497274.20312785,103888526.38911492,-151930083.38643974,0.022411108016967773,user1
4,656.9946243188675,1.007453203201294,7,0.9506486765739031,69,-84.86540392789419,30173836.767093465,246983498.10909843,2051820897.6211562,-6.001848651634232,-2.248955236031075,40.38387536924117,207.39752940665286,-180.5089815244566,26.453936483601463,624.5710701249001,20,-333.6294993832802,708.8907950848024,270.876317909559,-2974.763245468218,-1067.5353342513959,1562.7679429236264,45.82391621291916,-7064.997184567514,1176.849619953976,1676.524711280411,7665.729031510017,0.0,11232.859381567456,113661.35372149886,405213.1318359326,-580465.7988042589,1829559.445848215,22236717.113568112,85012330.41952626,-79337304.89864136,0.015029191970825195,user1
4,55.826209669031535,0.7140519618988037,1,0.9138605258287162,46,-36.21053729203356,34906584.97383064,231544090.5898319,1570796326.7948964,-6.001848651634232,-5.32057691066648,59.49063015773528,194.09607932657147,-205.76524303261007,6.144863114966902,51.01736932316532,26,136.20613209165174,199.32359398147605,672.3098564895126,0.0,-23.84204569528813,23.857026308195877,0.0,-103.93760912582935,147.40915808883202,194.13950266704794,672.3098564895126,0.0,449.94535487603684,11168.41748039672,29142.33726376466,-38019.809570965226,62159.07037089386,2225660.0663934564,8196137.1918065185,-5358918.948912867,0.04917097091674805,user1
4,3.323563034402432,0.19737291336056728,6,0.8540112990839274,13,-5.031422150165556,130899693.28162676,434145170.0235813,1570796326.7948964,-6.001848651634232,-13.743969106110384,114.39515572982495,189.41429194322347,-192.17680239947327,0.1977423448874553,2.8383603845973404,3,-21.767262020529202,21.02191902020339,0.0,-69.91546679052485,-19.00585219078278,16.085778525651715,0.0,-35.19554110543428,33.79792338347273,19.834561714378008,78.27450804854219,0.0,276.49231292823305,2348.858564695542,5678.734929243337,-4024.961170087116,-216.9350529918279,475009.9222280625,697091.8680195847,-1195940.6254174341,0.016446828842163086,user1
4,363.8500746954364,0.8068859577178955,5,0.9654669627413407,74,63.36777779841967,0.1346089387410819,0.8190202256295946,6.702064327658225,-0.49626241450194364,8.961697238878669,48.27768268795929,387.90646275493197,-57.49953138499091,10.956860218760612,351.2852265094129,26,-2462.471702326708,16080.201847087199,5.715215925211042,-138797.55160142347,90.77677911617305,743.7362271694997,6297.053380782918,-310.68084238734673,2484.772763107711,16094.220908225894,138940.32248354054,0.0,13883530.792082323,119166134.83544464,1024973472.4892763,-11887780.265928095,103590180284.00255,889299617498.8583,7649027500610.749,-89755253542.11638,0.040785789489746094,user1
4,80.29162833255296,0.4054250717163086,5,0.9957494219840989,25,-16.048612549098557,-130899693.91232307,627772878.3929079,1.0554432012060198,-3141592653.5897927,13.814234683151184,82.63865158928674,391.22337915508103,-61.20969482156278,2.5765793038499853,79.95034250230171,3,-413.3685085202139,355.8608985302009,0.0,-1369.2865243093256,-45.28630617943649,48.054946097220885,0.0,-154.0330513988289,417.62401735915006,357.01654084304954,1369.2865243093256,0.0,1620.927896954545,37851.074616373575,90070.89328544163,-97373.67495776324,331549.3822231344,8443687.346890094,21561715.1190023,-20815448.831367414,0.031119108200073242,user1
4,1780.4614626000225,4.5164759159088135,5,0.029953173646069312,156,152.3829392730426,-27428813.82633708,248047591.4677325,13.40412865531645,-2680669833.4859185,2.1205478848184085,30.02321671673476,195.48400191855745,-129.43848090427937,546.6117100990549,53.330471359393016,45,49.411755511590144,2171.7576324239753,16070.711682103376,-9047.67726581988,-146.0851841960719,2997.9154452816924,7312.930204752653,-29674.27786077084,1613.3708815596124,3335.3927852968404,33746.563388403396,0.0,255913.28037022572,3325118.8277239013,41289265.47335395,-3684579.4350967407,306279790.8660321,4191670112.1211066,52045006671.438805,-5359072064.402238,0.03249478340148926,user1
4,108.7268628834824,0.35934901237487793,5,0.9958183041586254,28,75.89730818166362,-116355283.44017036,593297860.9093479,0.7258553423456562,-3141592653.5897927,12.246022764315457,75.10311124164157,383.68210794986703,-79.23699086762329,2.5186289183195107,108.27220021311683,11,-542.5435750504715,438.33308858050685,0.0,-1926.2653073391762,74.70329679652441,86.5962162640085,295.9728134501878,0.0,549.6568438851714,444.3492641681518,1948.8709399444876,0.0,14745.225993999486,84360.56297460462,296023.91210076597,-114004.97021749262,4053088.8490855787,24436203.06397449,85081725.77512445,-41745797.78279386,0.027408123016357422,user1
4,123.55717984685472,0.8014841079711914,5,0.8610417747250073,83,144.877487103903,38312105.53631281,242307030.87232774,1570796326.7948964,-12.566370614359172,17.72369893141295,123.46468488772801,979.3873929028526,-192.103957215452,21.82756974181139,106.38789341535269,23,-451.92093171481883,2412.319353591824,0.0,-22016.0,123.33482969175974,981.7725967275215,8797.09090909091,-309.23036013642405,501.9653758182073,2598.1987733072974,23708.501944720378,0.0,3404182.9843131863,30835245.416872494,280855978.8159179,-4936498.438709972,40134114563.9946,367456256028.6309,3346695711694.039,-60525146705.972206,0.03250527381896973,user1
4,131.3340587561587,0.5047769546508789,1,0.9969144872620264,50,-1.4491305822401244,0.0012455784093965915,0.07201374510954152,0.26158130157654746,-0.3289651303241578,-1.4102050281111906,14.94896563253916,39.592499495440535,-50.069939983488155,1.606799976770031,130.9288258449368,32,349.4672323954131,300.8815389206801,1003.8192104445135,0.0,-12.033948477332068,35.17610936047264,42.778067885117494,-157.10870463828755,350.87449476202755,301.53989867440964,1003.8192104445135,0.0,8318.344715242838,45499.29855784444,247400.59948503732,-66157.787737745,2423335.233330708,14819325.942755103,84502913.77006456,-29239405.005937546,0.016571998596191406,user1
4,719.1156110147349,1.184014081954956,4,0.48148730041897075,73,54.551004978496536,-43633231.06460102,258137677.60416642,12.971737408370759,-1570796326.7948964,5.421830584964287,33.70326849378651,147.44284470179116,-103.28687798942791,143.195943041789,346.2450342366234,14,-533.2784570724375,1840.442920782642,759.523178807947,-13846.805446572813,788.6358771849575,3857.5624511934034,30881.174244172627,-4513.377472909832,1657.3140796940847,4053.1050702300818,33843.477122987664,0.0,392536.6153096,3604875.3440785296,30509687.682110075,-3592187.8648543386,364659697.7694429,3503999301.0009837,29601413810.04644,-4102263831.53512,0.06837010383605957,user1
1,3083.10024246947,4.633136749267578,2,0.2244507370327492,137,61.61397620246615,0.13176139234392512,1.0609663609158766,11.619558159572554,-0.19502726743543175,-14.869167634957963,472.4877535000547,3050.015541564093,-4503.029082244134,480.54145037099363,692.0041217681203,20,38355.89855263869,264305.69853110134,2361472.895104895,-432377.756097561,2501.821485309254,22888.510710651703,237767.80487804877,-55296.0,51040.65563917656,263160.923647514,2361472.895104895,0.0,1130812574.4537191,8537834874.001376,71073046273.20949,-9482050188.88762,38554832762943.445,339751194429769.9,3390042340688488.5,-493965735835321.25,0.03318977355957031,user1
